50.0,6,2755,1,384,1450,1,1
50.0,4,7446,1,256,967,1,1
60.0,3,3842,1,192,725,1,1
60.0,8,3191,1,704,2659,1,1
60.0,1,653,1,64,242,1,1
60.0,2,2275,1,128,484,1,1
60.0,4,7446,1,256,967,1,1
70.0,5,6650,1,320,1209,1,1
70.0,6,2755,1,384,1450,1,1
70.0,1,653,1,64,242,1,1
70.0,8,3191,1,704,2659,1,1
70.0,6,2755,1,384,1450,1,1
70.0,4,7446,1,256,967,1,1
70.0,5,6650,1,320,1209,1,1
80.0,1,653,1,64,242,1,1
80.0,8,3191,1,704,2659,1,1
80.0,7,4592,1,640,2417,1,1
80.0,4,7446,1,256,967,1,1
80.0,1,653,1,64,242,1,1
80.0,6,2755,1,384,1450,1,1
80.0,3,3842,1,192,725,1,1
80.0,5,6650,1,320,1209,1,1
80.0,3,3842,1,192,725,1,1
80.0,2,2275,1,128,484,1,1
90.0,3,3842,1,192,725,1,1
90.0,8,3191,1,704,2659,1,1
90.0,1,653,1,64,242,1,1
90.0,8,3191,1,704,2659,1,1
90.0,5,6650,1,320,1209,1,1
90.0,2,2275,1,128,484,1,1
90.0,3,3842,1,192,725,1,1
90.0,7,4592,1,640,2417,1,1
90.0,8,3191,1,704,2659,1,1
90.0,7,4592,1,640,2417,1,1
90.0,5,6650,1,320,1209,1,1
90.0,7,4592,1,640,2417,1,1
100.0,4,7446,1,256,967,1,1
100.0,7,4592,1,640,2417,1,1
100.0,7,4592,1,640,2417,1,1
100.0,8,3191,1,704,2659,1,1
100.0,1,653,1,64,242,1,1
100.0,1,653,1,64,242,1,1
100.0,1,653,1,64,242,1,1
100.0,2,2275,1,128,484,1,1
100.0,8,3191,1,704,2659,1,1
100.0,2,2275,1,128,484,1,1
100.0,6,2755,1,384,1450,1,1
100.0,6,2755,1,384,1450,1,1
100.0,6,2755,1,384,1450,1,1
100.0,5,6650,1,320,1209,1,1
110.0,7,4592,1,640,2417,1,1
110.0,5,6650,1,320,1209,1,1
110.0,5,6650,1,320,1209,1,1
110.0,3,3842,1,192,725,1,1
110.0,5,6650,1,320,1209,1,1
110.0,8,3191,1,704,2659,1,1
110.0,1,653,1,64,242,1,1
110.0,7,4592,1,640,2417,1,1
110.0,7,4592,1,640,2417,1,1
110.0,6,2755,1,384,1450,1,1
110.0,7,4592,1,640,2417,1,1
110.0,4,7446,1,256,967,1,1
110.0,4,7446,1,256,967,1,1
110.0,3,3842,1,192,725,1,1
110.0,4,7446,1,256,967,1,1
110.0,4,7446,1,256,967,1,1
110.0,5,6650,1,320,1209,1,1
120.0,8,3191,1,704,2659,1,1
120.0,2,2275,1,128,484,1,1
120.0,8,3191,1,704,2659,1,1
120.0,1,653,1,64,242,1,1
120.0,4,7446,1,256,967,1,1
120.0,7,4592,1,640,2417,1,1
120.0,5,6650,1,320,1209,1,1
120.0,3,3842,1,192,725,1,1
120.0,7,4592,1,640,2417,1,1
120.0,6,2755,1,384,1450,1,1
120.0,2,2275,1,128,484,1,1
120.0,3,3842,1,192,725,1,1
120.0,6,2755,1,384,1450,1,1
120.0,6,2755,1,384,1450,1,1
120.0,1,653,1,64,242,1,1
120.0,6,2755,1,384,1450,1,1
120.0,6,2755,1,384,1450,1,1
120.0,1,653,1,64,242,1,1
120.0,4,7446,1,256,967,1,1
130.0,7,4592,1,640,2417,1,1
130.0,8,3191,1,704,2659,1,1
130.0,5,6650,1,320,1209,1,1
130.0,4,7446,1,256,967,1,1
130.0,1,653,1,64,242,1,1
130.0,5,6650,1,320,1209,1,1
130.0,5,6650,1,320,1209,1,1
130.0,8,3191,1,704,2659,1,1
130.0,8,3191,1,704,2659,1,1
130.0,2,2275,1,128,484,1,1
130.0,1,653,1,64,242,1,1
130.0,5,6650,1,320,1209,1,1
130.0,7,4592,1,640,2417,1,1
130.0,7,4592,1,640,2417,1,1
130.0,7,4592,1,640,2417,1,1
130.0,7,4592,1,640,2417,1,1
130.0,4,7446,1,256,967,1,1
130.0,6,2755,1,384,1450,1,1
130.0,2,2275,1,128,484,1,1
130.0,1,653,1,64,242,1,1
130.0,1,653,1,64,242,1,1
140.0,8,3191,1,704,2659,1,1
140.0,5,6650,1,320,1209,1,1
140.0,5,6650,1,320,1209,1,1
140.0,5,6650,1,320,1209,1,1
140.0,7,4592,1,640,2417,1,1
140.0,4,7446,1,256,967,1,1
140.0,5,6650,1,320,1209,1,1
140.0,8,3191,1,704,2659,1,1
140.0,7,4592,1,640,2417,1,1
140.0,2,2275,1,128,484,1,1
140.0,5,6650,1,320,1209,1,1
140.0,7,4592,1,640,2417,1,1
140.0,7,4592,1,640,2417,1,1
140.0,6,2755,1,384,1450,1,1
140.0,5,6650,1,320,1209,1,1
140.0,4,7446,1,256,967,1,1
140.0,8,3191,1,704,2659,1,1
140.0,7,4592,1,640,2417,1,1
140.0,6,2755,1,384,1450,1,1
140.0,3,3842,1,192,725,1,1
140.0,4,7446,1,256,967,1,1
140.0,3,3842,1,192,725,1,1
140.0,3,3842,1,192,725,1,1
140.0,4,7446,1,256,967,1,1
150.0,8,3191,1,704,2659,1,1
150.0,2,2275,1,128,484,1,1
150.0,6,2755,1,384,1450,1,1
150.0,3,3842,1,192,725,1,1
150.0,3,3842,1,192,725,1,1
150.0,7,4592,1,640,2417,1,1
150.0,7,4592,1,640,2417,1,1
150.0,3,3842,1,192,725,1,1
150.0,1,653,1,64,242,1,1
150.0,8,3191,1,704,2659,1,1
150.0,7,4592,1,640,2417,1,1
150.0,7,4592,1,640,2417,1,1
150.0,8,3191,1,704,2659,1,1
150.0,5,6650,1,320,1209,1,1
150.0,7,4592,1,640,2417,1,1
150.0,4,7446,1,256,967,1,1
150.0,2,2275,1,128,484,1,1
150.0,6,2755,1,384,1450,1,1
150.0,2,2275,1,128,484,1,1
150.0,6,2755,1,384,1450,1,1
150.0,8,3191,1,704,2659,1,1
150.0,5,6650,1,320,1209,1,1
150.0,3,3842,1,192,725,1,1
150.0,6,2755,1,384,1450,1,1
150.0,3,3842,1,192,725,1,1
150.0,8,3191,1,704,2659,1,1
160.0,8,3191,1,704,2659,1,1
160.0,6,2755,1,384,1450,1,1
160.0,8,3191,1,704,2659,1,1
160.0,3,3842,1,192,725,1,1
160.0,5,6650,1,320,1209,1,1
160.0,8,3191,1,704,2659,1,1
160.0,8,3191,1,704,2659,1,1
160.0,1,653,1,64,242,1,1
160.0,7,4592,1,640,2417,1,1
160.0,5,6650,1,320,1209,1,1
160.0,1,653,1,64,242,1,1
160.0,7,4592,1,640,2417,1,1
160.0,8,3191,1,704,2659,1,1
160.0,8,3191,1,704,2659,1,1
160.0,2,2275,1,128,484,1,1
160.0,7,4592,1,640,2417,1,1
160.0,7,4592,1,640,2417,1,1
160.0,6,2755,1,384,1450,1,1
160.0,2,2275,1,128,484,1,1
160.0,5,6650,1,320,1209,1,1
160.0,3,3842,1,192,725,1,1
160.0,8,3191,1,704,2659,1,1
160.0,2,2275,1,128,484,1,1
160.0,3,3842,1,192,725,1,1
160.0,6,2755,1,384,1450,1,1
160.0,7,4592,1,640,2417,1,1
160.0,6,2755,1,384,1450,1,1
160.0,1,653,1,64,242,1,1
160.0,3,3842,1,192,725,1,1
170.0,7,4592,1,640,2417,1,1
170.0,1,653,1,64,242,1,1
170.0,3,3842,1,192,725,1,1
170.0,1,653,1,64,242,1,1
170.0,5,6650,1,320,1209,1,1
170.0,6,2755,1,384,1450,1,1
170.0,6,2755,1,384,1450,1,1
170.0,1,653,1,64,242,1,1
170.0,1,653,1,64,242,1,1
170.0,4,7446,1,256,967,1,1
170.0,6,2755,1,384,1450,1,1
170.0,2,2275,1,128,484,1,1
170.0,7,4592,1,640,2417,1,1
170.0,7,4592,1,640,2417,1,1
170.0,5,6650,1,320,1209,1,1
170.0,6,2755,1,384,1450,1,1
170.0,8,3191,1,704,2659,1,1
170.0,4,7446,1,256,967,1,1
170.0,8,3191,1,704,2659,1,1
170.0,4,7446,1,256,967,1,1
170.0,3,3842,1,192,725,1,1
170.0,5,6650,1,320,1209,1,1
170.0,2,2275,1,128,484,1,1
170.0,6,2755,1,384,1450,1,1
170.0,7,4592,1,640,2417,1,1
170.0,5,6650,1,320,1209,1,1
170.0,3,3842,1,192,725,1,1
170.0,8,3191,1,704,2659,1,1
170.0,2,2275,1,128,484,1,1
170.0,4,7446,1,256,967,1,1
170.0,3,3842,1,192,725,1,1
180.0,3,3842,1,192,725,1,1
180.0,6,2755,1,384,1450,1,1
180.0,6,2755,1,384,1450,1,1
180.0,4,7446,1,256,967,1,1
180.0,5,6650,1,320,1209,1,1
180.0,8,3191,1,704,2659,1,1
180.0,4,7446,1,256,967,1,1
180.0,2,2275,1,128,484,1,1
180.0,3,3842,1,192,725,1,1
180.0,8,3191,1,704,2659,1,1
180.0,1,653,1,64,242,1,1
180.0,8,3191,1,704,2659,1,1
180.0,8,3191,1,704,2659,1,1
180.0,1,653,1,64,242,1,1
180.0,6,2755,1,384,1450,1,1
180.0,3,3842,1,192,725,1,1
180.0,8,3191,1,704,2659,1,1
180.0,8,3191,1,704,2659,1,1
180.0,2,2275,1,128,484,1,1
180.0,2,2275,1,128,484,1,1
180.0,8,3191,1,704,2659,1,1
180.0,2,2275,1,128,484,1,1
180.0,1,653,1,64,242,1,1
180.0,8,3191,1,704,2659,1,1
180.0,3,3842,1,192,725,1,1
180.0,8,3191,1,704,2659,1,1
180.0,5,6650,1,320,1209,1,1
180.0,7,4592,1,640,2417,1,1
180.0,4,7446,1,256,967,1,1
180.0,2,2275,1,128,484,1,1
180.0,2,2275,1,128,484,1,1
180.0,8,3191,1,704,2659,1,1
180.0,2,2275,1,128,484,1,1
190.0,1,653,1,64,242,1,1
190.0,8,3191,1,704,2659,1,1
190.0,6,2755,1,384,1450,1,1
190.0,8,3191,1,704,2659,1,1
190.0,2,2275,1,128,484,1,1
190.0,1,653,1,64,242,1,1
190.0,8,3191,1,704,2659,1,1
190.0,8,3191,1,704,2659,1,1
190.0,4,7446,1,256,967,1,1
190.0,3,3842,1,192,725,1,1
190.0,5,6650,1,320,1209,1,1
190.0,2,2275,1,128,484,1,1
190.0,6,2755,1,384,1450,1,1
190.0,5,6650,1,320,1209,1,1
190.0,3,3842,1,192,725,1,1
190.0,3,3842,1,192,725,1,1
190.0,8,3191,1,704,2659,1,1
190.0,1,653,1,64,242,1,1
190.0,8,3191,1,704,2659,1,1
190.0,3,3842,1,192,725,1,1
190.0,2,2275,1,128,484,1,1
190.0,5,6650,1,320,1209,1,1
190.0,4,7446,1,256,967,1,1
190.0,6,2755,1,384,1450,1,1
190.0,3,3842,1,192,725,1,1
190.0,4,7446,1,256,967,1,1
190.0,3,3842,1,192,725,1,1
190.0,8,3191,1,704,2659,1,1
190.0,8,3191,1,704,2659,1,1
190.0,3,3842,1,192,725,1,1
190.0,8,3191,1,704,2659,1,1
190.0,2,2275,1,128,484,1,1
190.0,7,4592,1,640,2417,1,1
190.0,8,3191,1,704,2659,1,1
190.0,7,4592,1,640,2417,1,1
190.0,5,6650,1,320,1209,1,1
200.0,6,2755,1,384,1450,1,1
200.0,5,6650,1,320,1209,1,1
200.0,5,6650,1,320,1209,1,1
200.0,1,653,1,64,242,1,1
200.0,7,4592,1,640,2417,1,1
200.0,6,2755,1,384,1450,1,1
200.0,3,3842,1,192,725,1,1
200.0,4,7446,1,256,967,1,1
200.0,4,7446,1,256,967,1,1
200.0,8,3191,1,704,2659,1,1
200.0,7,4592,1,640,2417,1,1
200.0,6,2755,1,384,1450,1,1
200.0,4,7446,1,256,967,1,1
200.0,2,2275,1,128,484,1,1
200.0,2,2275,1,128,484,1,1
200.0,2,2275,1,128,484,1,1
200.0,3,3842,1,192,725,1,1
200.0,6,2755,1,384,1450,1,1
200.0,1,653,1,64,242,1,1
200.0,7,4592,1,640,2417,1,1
200.0,2,2275,1,128,484,1,1
200.0,3,3842,1,192,725,1,1
200.0,5,6650,1,320,1209,1,1
200.0,7,4592,1,640,2417,1,1
200.0,7,4592,1,640,2417,1,1
200.0,5,6650,1,320,1209,1,1
200.0,6,2755,1,384,1450,1,1
200.0,7,4592,1,640,2417,1,1
200.0,8,3191,1,704,2659,1,1
200.0,8,3191,1,704,2659,1,1
200.0,8,3191,1,704,2659,1,1
200.0,1,653,1,64,242,1,1
200.0,5,6650,1,320,1209,1,1
200.0,3,3842,1,192,725,1,1
200.0,6,2755,1,384,1450,1,1
200.0,7,4592,1,640,2417,1,1
200.0,4,7446,1,256,967,1,1
200.0,8,3191,1,704,2659,1,1
210.0,3,3842,1,192,725,1,1
210.0,2,2275,1,128,484,1,1
210.0,7,4592,1,640,2417,1,1
210.0,6,2755,1,384,1450,1,1
210.0,2,2275,1,128,484,1,1
210.0,4,7446,1,256,967,1,1
210.0,2,2275,1,128,484,1,1
210.0,5,6650,1,320,1209,1,1
210.0,7,4592,1,640,2417,1,1
210.0,1,653,1,64,242,1,1
210.0,6,2755,1,384,1450,1,1
210.0,6,2755,1,384,1450,1,1
210.0,6,2755,1,384,1450,1,1
210.0,1,653,1,64,242,1,1
210.0,5,6650,1,320,1209,1,1
210.0,1,653,1,64,242,1,1
210.0,3,3842,1,192,725,1,1
210.0,6,2755,1,384,1450,1,1
210.0,5,6650,1,320,1209,1,1
210.0,2,2275,1,128,484,1,1
210.0,7,4592,1,640,2417,1,1
210.0,5,6650,1,320,1209,1,1
210.0,5,6650,1,320,1209,1,1
210.0,6,2755,1,384,1450,1,1
210.0,4,7446,1,256,967,1,1
210.0,1,653,1,64,242,1,1
210.0,1,653,1,64,242,1,1
210.0,6,2755,1,384,1450,1,1
210.0,3,3842,1,192,725,1,1
210.0,2,2275,1,128,484,1,1
210.0,3,3842,1,192,725,1,1
210.0,3,3842,1,192,725,1,1
210.0,2,2275,1,128,484,1,1
210.0,1,653,1,64,242,1,1
210.0,5,6650,1,320,1209,1,1
210.0,5,6650,1,320,1209,1,1
210.0,3,3842,1,192,725,1,1
210.0,4,7446,1,256,967,1,1
210.0,7,4592,1,640,2417,1,1
210.0,5,6650,1,320,1209,1,1
220.0,7,4592,1,640,2417,1,1
220.0,7,4592,1,640,2417,1,1
220.0,6,2755,1,384,1450,1,1
220.0,2,2275,1,128,484,1,1
220.0,7,4592,1,640,2417,1,1
220.0,7,4592,1,640,2417,1,1
220.0,4,7446,1,256,967,1,1
220.0,7,4592,1,640,2417,1,1
220.0,7,4592,1,640,2417,1,1
220.0,1,653,1,64,242,1,1
220.0,6,2755,1,384,1450,1,1
220.0,4,7446,1,256,967,1,1
220.0,7,4592,1,640,2417,1,1
220.0,1,653,1,64,242,1,1
220.0,4,7446,1,256,967,1,1
220.0,3,3842,1,192,725,1,1
220.0,7,4592,1,640,2417,1,1
220.0,5,6650,1,320,1209,1,1
220.0,3,3842,1,192,725,1,1
220.0,5,6650,1,320,1209,1,1
220.0,8,3191,1,704,2659,1,1
220.0,2,2275,1,128,484,1,1
220.0,4,7446,1,256,967,1,1
220.0,6,2755,1,384,1450,1,1
220.0,7,4592,1,640,2417,1,1
220.0,7,4592,1,640,2417,1,1
220.0,5,6650,1,320,1209,1,1
220.0,8,3191,1,704,2659,1,1
220.0,7,4592,1,640,2417,1,1
220.0,8,3191,1,704,2659,1,1
220.0,5,6650,1,320,1209,1,1
220.0,1,653,1,64,242,1,1
220.0,7,4592,1,640,2417,1,1
220.0,8,3191,1,704,2659,1,1
220.0,6,2755,1,384,1450,1,1
220.0,1,653,1,64,242,1,1
220.0,3,3842,1,192,725,1,1
220.0,8,3191,1,704,2659,1,1
220.0,6,2755,1,384,1450,1,1
220.0,8,3191,1,704,2659,1,1
220.0,4,7446,1,256,967,1,1
220.0,1,653,1,64,242,1,1
220.0,8,3191,1,704,2659,1,1
230.0,4,7446,1,256,967,1,1
230.0,2,2275,1,128,484,1,1
230.0,2,2275,1,128,484,1,1
230.0,3,3842,1,192,725,1,1
230.0,5,6650,1,320,1209,1,1
230.0,1,653,1,64,242,1,1
230.0,1,653,1,64,242,1,1
230.0,7,4592,1,640,2417,1,1
230.0,1,653,1,64,242,1,1
230.0,5,6650,1,320,1209,1,1
230.0,5,6650,1,320,1209,1,1
230.0,7,4592,1,640,2417,1,1
230.0,3,3842,1,192,725,1,1
230.0,6,2755,1,384,1450,1,1
230.0,2,2275,1,128,484,1,1
230.0,3,3842,1,192,725,1,1
230.0,6,2755,1,384,1450,1,1
230.0,7,4592,1,640,2417,1,1
230.0,3,3842,1,192,725,1,1
230.0,7,4592,1,640,2417,1,1
230.0,3,3842,1,192,725,1,1
230.0,2,2275,1,128,484,1,1
230.0,3,3842,1,192,725,1,1
230.0,7,4592,1,640,2417,1,1
230.0,6,2755,1,384,1450,1,1
230.0,7,4592,1,640,2417,1,1
230.0,7,4592,1,640,2417,1,1
230.0,6,2755,1,384,1450,1,1
230.0,1,653,1,64,242,1,1
230.0,8,3191,1,704,2659,1,1
230.0,3,3842,1,192,725,1,1
230.0,7,4592,1,640,2417,1,1
230.0,6,2755,1,384,1450,1,1
230.0,8,3191,1,704,2659,1,1
230.0,6,2755,1,384,1450,1,1
230.0,5,6650,1,320,1209,1,1
230.0,5,6650,1,320,1209,1,1
230.0,1,653,1,64,242,1,1
230.0,4,7446,1,256,967,1,1
230.0,1,653,1,64,242,1,1
230.0,2,2275,1,128,484,1,1
230.0,3,3842,1,192,725,1,1
230.0,1,653,1,64,242,1,1
230.0,8,3191,1,704,2659,1,1
230.0,3,3842,1,192,725,1,1
240.0,7,4592,1,640,2417,1,1
240.0,6,2755,1,384,1450,1,1
240.0,1,653,1,64,242,1,1
240.0,2,2275,1,128,484,1,1
240.0,1,653,1,64,242,1,1
240.0,5,6650,1,320,1209,1,1
240.0,4,7446,1,256,967,1,1
240.0,3,3842,1,192,725,1,1
240.0,5,6650,1,320,1209,1,1
240.0,1,653,1,64,242,1,1
240.0,8,3191,1,704,2659,1,1
240.0,3,3842,1,192,725,1,1
240.0,1,653,1,64,242,1,1
240.0,8,3191,1,704,2659,1,1
240.0,7,4592,1,640,2417,1,1
240.0,4,7446,1,256,967,1,1
240.0,1,653,1,64,242,1,1
240.0,6,2755,1,384,1450,1,1
240.0,4,7446,1,256,967,1,1
240.0,5,6650,1,320,1209,1,1
240.0,4,7446,1,256,967,1,1
240.0,8,3191,1,704,2659,1,1
240.0,1,653,1,64,242,1,1
240.0,7,4592,1,640,2417,1,1
240.0,5,6650,1,320,1209,1,1
240.0,4,7446,1,256,967,1,1
240.0,2,2275,1,128,484,1,1
240.0,2,2275,1,128,484,1,1
240.0,1,653,1,64,242,1,1
240.0,1,653,1,64,242,1,1
240.0,1,653,1,64,242,1,1
240.0,6,2755,1,384,1450,1,1
240.0,4,7446,1,256,967,1,1
240.0,8,3191,1,704,2659,1,1
240.0,1,653,1,64,242,1,1
240.0,5,6650,1,320,1209,1,1
240.0,6,2755,1,384,1450,1,1
240.0,1,653,1,64,242,1,1
240.0,7,4592,1,640,2417,1,1
240.0,3,3842,1,192,725,1,1
240.0,8,3191,1,704,2659,1,1
240.0,4,7446,1,256,967,1,1
240.0,6,2755,1,384,1450,1,1
240.0,6,2755,1,384,1450,1,1
240.0,2,2275,1,128,484,1,1
240.0,4,7446,1,256,967,1,1
240.0,8,3191,1,704,2659,1,1
240.0,3,3842,1,192,725,1,1
250.0,2,2275,1,128,484,1,1
250.0,2,2275,1,128,484,1,1
250.0,8,3191,1,704,2659,1,1
250.0,3,3842,1,192,725,1,1
250.0,8,3191,1,704,2659,1,1
250.0,2,2275,1,128,484,1,1
250.0,3,3842,1,192,725,1,1
250.0,3,3842,1,192,725,1,1
250.0,5,6650,1,320,1209,1,1
250.0,6,2755,1,384,1450,1,1
250.0,8,3191,1,704,2659,1,1
250.0,3,3842,1,192,725,1,1
250.0,8,3191,1,704,2659,1,1
250.0,5,6650,1,320,1209,1,1
250.0,8,3191,1,704,2659,1,1
250.0,1,653,1,64,242,1,1
250.0,8,3191,1,704,2659,1,1
250.0,3,3842,1,192,725,1,1
250.0,3,3842,1,192,725,1,1
250.0,5,6650,1,320,1209,1,1
250.0,7,4592,1,640,2417,1,1
250.0,2,2275,1,128,484,1,1
250.0,4,7446,1,256,967,1,1
250.0,7,4592,1,640,2417,1,1
250.0,3,3842,1,192,725,1,1
250.0,6,2755,1,384,1450,1,1
250.0,3,3842,1,192,725,1,1
250.0,4,7446,1,256,967,1,1
250.0,8,3191,1,704,2659,1,1
250.0,3,3842,1,192,725,1,1
250.0,7,4592,1,640,2417,1,1
250.0,6,2755,1,384,1450,1,1
250.0,1,653,1,64,242,1,1
250.0,5,6650,1,320,1209,1,1
250.0,1,653,1,64,242,1,1
250.0,3,3842,1,192,725,1,1
250.0,7,4592,1,640,2417,1,1
250.0,6,2755,1,384,1450,1,1
250.0,7,4592,1,640,2417,1,1
250.0,1,653,1,64,242,1,1
250.0,7,4592,1,640,2417,1,1
250.0,4,7446,1,256,967,1,1
250.0,2,2275,1,128,484,1,1
250.0,7,4592,1,640,2417,1,1
250.0,6,2755,1,384,1450,1,1
250.0,7,4592,1,640,2417,1,1
250.0,3,3842,1,192,725,1,1
250.0,7,4592,1,640,2417,1,1
260.0,4,7446,1,256,967,1,1
260.0,3,3842,1,192,725,1,1
260.0,4,7446,1,256,967,1,1
260.0,3,3842,1,192,725,1,1
260.0,4,7446,1,256,967,1,1
260.0,5,6650,1,320,1209,1,1
260.0,2,2275,1,128,484,1,1
260.0,4,7446,1,256,967,1,1
260.0,4,7446,1,256,967,1,1
260.0,5,6650,1,320,1209,1,1
260.0,8,3191,1,704,2659,1,1
260.0,6,2755,1,384,1450,1,1
260.0,5,6650,1,320,1209,1,1
260.0,5,6650,1,320,1209,1,1
260.0,4,7446,1,256,967,1,1
260.0,1,653,1,64,242,1,1
260.0,4,7446,1,256,967,1,1
260.0,8,3191,1,704,2659,1,1
260.0,1,653,1,64,242,1,1
260.0,7,4592,1,640,2417,1,1
260.0,1,653,1,64,242,1,1
260.0,6,2755,1,384,1450,1,1
260.0,6,2755,1,384,1450,1,1
260.0,1,653,1,64,242,1,1
260.0,3,3842,1,192,725,1,1
260.0,3,3842,1,192,725,1,1
260.0,5,6650,1,320,1209,1,1
260.0,3,3842,1,192,725,1,1
260.0,1,653,1,64,242,1,1
260.0,1,653,1,64,242,1,1
260.0,7,4592,1,640,2417,1,1
260.0,6,2755,1,384,1450,1,1
260.0,2,2275,1,128,484,1,1
260.0,5,6650,1,320,1209,1,1
260.0,2,2275,1,128,484,1,1
260.0,4,7446,1,256,967,1,1
260.0,2,2275,1,128,484,1,1
260.0,8,3191,1,704,2659,1,1
260.0,6,2755,1,384,1450,1,1
260.0,6,2755,1,384,1450,1,1
260.0,2,2275,1,128,484,1,1
260.0,5,6650,1,320,1209,1,1
260.0,3,3842,1,192,725,1,1
260.0,5,6650,1,320,1209,1,1
260.0,1,653,1,64,242,1,1
270.0,4,7446,1,256,967,1,1
270.0,3,3842,1,192,725,1,1
270.0,3,3842,1,192,725,1,1
270.0,4,7446,1,256,967,1,1
270.0,4,7446,1,256,967,1,1
270.0,7,4592,1,640,2417,1,1
270.0,1,653,1,64,242,1,1
270.0,5,6650,1,320,1209,1,1
270.0,5,6650,1,320,1209,1,1
270.0,7,4592,1,640,2417,1,1
270.0,2,2275,1,128,484,1,1
270.0,3,3842,1,192,725,1,1
270.0,5,6650,1,320,1209,1,1
270.0,2,2275,1,128,484,1,1
270.0,4,7446,1,256,967,1,1
270.0,6,2755,1,384,1450,1,1
270.0,7,4592,1,640,2417,1,1
270.0,7,4592,1,640,2417,1,1
270.0,6,2755,1,384,1450,1,1
270.0,8,3191,1,704,2659,1,1
270.0,6,2755,1,384,1450,1,1
270.0,6,2755,1,384,1450,1,1
270.0,6,2755,1,384,1450,1,1
270.0,1,653,1,64,242,1,1
270.0,5,6650,1,320,1209,1,1
270.0,2,2275,1,128,484,1,1
270.0,3,3842,1,192,725,1,1
270.0,7,4592,1,640,2417,1,1
270.0,8,3191,1,704,2659,1,1
270.0,6,2755,1,384,1450,1,1
270.0,5,6650,1,320,1209,1,1
270.0,2,2275,1,128,484,1,1
270.0,5,6650,1,320,1209,1,1
270.0,2,2275,1,128,484,1,1
270.0,5,6650,1,320,1209,1,1
270.0,8,3191,1,704,2659,1,1
270.0,5,6650,1,320,1209,1,1
270.0,8,3191,1,704,2659,1,1
270.0,8,3191,1,704,2659,1,1
270.0,3,3842,1,192,725,1,1
270.0,3,3842,1,192,725,1,1
270.0,4,7446,1,256,967,1,1
270.0,8,3191,1,704,2659,1,1
280.0,3,3842,1,192,725,1,1
280.0,6,2755,1,384,1450,1,1
280.0,5,6650,1,320,1209,1,1
280.0,7,4592,1,640,2417,1,1
280.0,5,6650,1,320,1209,1,1
280.0,5,6650,1,320,1209,1,1
280.0,6,2755,1,384,1450,1,1
280.0,2,2275,1,128,484,1,1
280.0,5,6650,1,320,1209,1,1
280.0,4,7446,1,256,967,1,1
280.0,4,7446,1,256,967,1,1
280.0,2,2275,1,128,484,1,1
280.0,5,6650,1,320,1209,1,1
280.0,5,6650,1,320,1209,1,1
280.0,7,4592,1,640,2417,1,1
280.0,6,2755,1,384,1450,1,1
280.0,6,2755,1,384,1450,1,1
280.0,2,2275,1,128,484,1,1
280.0,7,4592,1,640,2417,1,1
280.0,4,7446,1,256,967,1,1
280.0,8,3191,1,704,2659,1,1
280.0,8,3191,1,704,2659,1,1
280.0,4,7446,1,256,967,1,1
280.0,8,3191,1,704,2659,1,1
280.0,6,2755,1,384,1450,1,1
280.0,7,4592,1,640,2417,1,1
280.0,4,7446,1,256,967,1,1
280.0,3,3842,1,192,725,1,1
280.0,3,3842,1,192,725,1,1
280.0,7,4592,1,640,2417,1,1
280.0,3,3842,1,192,725,1,1
280.0,5,6650,1,320,1209,1,1
280.0,6,2755,1,384,1450,1,1
280.0,7,4592,1,640,2417,1,1
280.0,8,3191,1,704,2659,1,1
280.0,3,3842,1,192,725,1,1
280.0,4,7446,1,256,967,1,1
280.0,4,7446,1,256,967,1,1
280.0,1,653,1,64,242,1,1
280.0,3,3842,1,192,725,1,1
290.0,8,3191,1,704,2659,1,1
290.0,6,2755,1,384,1450,1,1
290.0,6,2755,1,384,1450,1,1
290.0,2,2275,1,128,484,1,1
290.0,6,2755,1,384,1450,1,1
290.0,8,3191,1,704,2659,1,1
290.0,2,2275,1,128,484,1,1
290.0,6,2755,1,384,1450,1,1
290.0,1,653,1,64,242,1,1
290.0,4,7446,1,256,967,1,1
290.0,1,653,1,64,242,1,1
290.0,8,3191,1,704,2659,1,1
290.0,6,2755,1,384,1450,1,1
290.0,5,6650,1,320,1209,1,1
290.0,1,653,1,64,242,1,1
290.0,2,2275,1,128,484,1,1
290.0,6,2755,1,384,1450,1,1
290.0,1,653,1,64,242,1,1
290.0,1,653,1,64,242,1,1
290.0,4,7446,1,256,967,1,1
290.0,7,4592,1,640,2417,1,1
290.0,7,4592,1,640,2417,1,1
290.0,1,653,1,64,242,1,1
290.0,5,6650,1,320,1209,1,1
290.0,1,653,1,64,242,1,1
290.0,7,4592,1,640,2417,1,1
290.0,4,7446,1,256,967,1,1
290.0,7,4592,1,640,2417,1,1
290.0,3,3842,1,192,725,1,1
290.0,3,3842,1,192,725,1,1
290.0,7,4592,1,640,2417,1,1
290.0,3,3842,1,192,725,1,1
290.0,3,3842,1,192,725,1,1
290.0,4,7446,1,256,967,1,1
290.0,2,2275,1,128,484,1,1
290.0,7,4592,1,640,2417,1,1
290.0,1,653,1,64,242,1,1
290.0,7,4592,1,640,2417,1,1
300.0,8,3191,1,704,2659,1,1
300.0,1,653,1,64,242,1,1
300.0,5,6650,1,320,1209,1,1
300.0,8,3191,1,704,2659,1,1
300.0,8,3191,1,704,2659,1,1
300.0,7,4592,1,640,2417,1,1
300.0,3,3842,1,192,725,1,1
300.0,6,2755,1,384,1450,1,1
300.0,2,2275,1,128,484,1,1
300.0,6,2755,1,384,1450,1,1
300.0,4,7446,1,256,967,1,1
300.0,2,2275,1,128,484,1,1
300.0,8,3191,1,704,2659,1,1
300.0,5,6650,1,320,1209,1,1
300.0,1,653,1,64,242,1,1
300.0,5,6650,1,320,1209,1,1
300.0,7,4592,1,640,2417,1,1
300.0,6,2755,1,384,1450,1,1
300.0,4,7446,1,256,967,1,1
300.0,8,3191,1,704,2659,1,1
300.0,4,7446,1,256,967,1,1
300.0,2,2275,1,128,484,1,1
300.0,6,2755,1,384,1450,1,1
300.0,5,6650,1,320,1209,1,1
300.0,2,2275,1,128,484,1,1
300.0,4,7446,1,256,967,1,1
300.0,1,653,1,64,242,1,1
300.0,7,4592,1,640,2417,1,1
300.0,2,2275,1,128,484,1,1
300.0,3,3842,1,192,725,1,1
300.0,5,6650,1,320,1209,1,1
300.0,4,7446,1,256,967,1,1
300.0,7,4592,1,640,2417,1,1
300.0,4,7446,1,256,967,1,1
300.0,1,653,1,64,242,1,1
300.0,5,6650,1,320,1209,1,1
310.0,7,4592,1,640,2417,1,1
310.0,7,4592,1,640,2417,1,1
310.0,3,3842,1,192,725,1,1
310.0,7,4592,1,640,2417,1,1
310.0,4,7446,1,256,967,1,1
310.0,4,7446,1,256,967,1,1
310.0,3,3842,1,192,725,1,1
310.0,3,3842,1,192,725,1,1
310.0,4,7446,1,256,967,1,1
310.0,5,6650,1,320,1209,1,1
310.0,6,2755,1,384,1450,1,1
310.0,5,6650,1,320,1209,1,1
310.0,3,3842,1,192,725,1,1
310.0,7,4592,1,640,2417,1,1
310.0,5,6650,1,320,1209,1,1
310.0,1,653,1,64,242,1,1
310.0,1,653,1,64,242,1,1
310.0,6,2755,1,384,1450,1,1
310.0,6,2755,1,384,1450,1,1
310.0,7,4592,1,640,2417,1,1
310.0,3,3842,1,192,725,1,1
310.0,5,6650,1,320,1209,1,1
310.0,8,3191,1,704,2659,1,1
310.0,4,7446,1,256,967,1,1
310.0,5,6650,1,320,1209,1,1
310.0,6,2755,1,384,1450,1,1
310.0,2,2275,1,128,484,1,1
310.0,5,6650,1,320,1209,1,1
310.0,4,7446,1,256,967,1,1
310.0,1,653,1,64,242,1,1
310.0,2,2275,1,128,484,1,1
310.0,8,3191,1,704,2659,1,1
310.0,6,2755,1,384,1450,1,1
320.0,6,2755,1,384,1450,1,1
320.0,4,7446,1,256,967,1,1
320.0,5,6650,1,320,1209,1,1
320.0,3,3842,1,192,725,1,1
320.0,8,3191,1,704,2659,1,1
320.0,6,2755,1,384,1450,1,1
320.0,7,4592,1,640,2417,1,1
320.0,8,3191,1,704,2659,1,1
320.0,5,6650,1,320,1209,1,1
320.0,3,3842,1,192,725,1,1
320.0,6,2755,1,384,1450,1,1
320.0,7,4592,1,640,2417,1,1
320.0,7,4592,1,640,2417,1,1
320.0,6,2755,1,384,1450,1,1
320.0,1,653,1,64,242,1,1
320.0,3,3842,1,192,725,1,1
320.0,3,3842,1,192,725,1,1
320.0,7,4592,1,640,2417,1,1
320.0,4,7446,1,256,967,1,1
320.0,2,2275,1,128,484,1,1
320.0,7,4592,1,640,2417,1,1
320.0,6,2755,1,384,1450,1,1
320.0,6,2755,1,384,1450,1,1
320.0,5,6650,1,320,1209,1,1
320.0,8,3191,1,704,2659,1,1
320.0,1,653,1,64,242,1,1
320.0,5,6650,1,320,1209,1,1
320.0,3,3842,1,192,725,1,1
320.0,6,2755,1,384,1450,1,1
320.0,6,2755,1,384,1450,1,1
320.0,5,6650,1,320,1209,1,1
330.0,2,2275,1,128,484,1,1
330.0,5,6650,1,320,1209,1,1
330.0,7,4592,1,640,2417,1,1
330.0,8,3191,1,704,2659,1,1
330.0,6,2755,1,384,1450,1,1
330.0,3,3842,1,192,725,1,1
330.0,6,2755,1,384,1450,1,1
330.0,2,2275,1,128,484,1,1
330.0,7,4592,1,640,2417,1,1
330.0,3,3842,1,192,725,1,1
330.0,7,4592,1,640,2417,1,1
330.0,5,6650,1,320,1209,1,1
330.0,2,2275,1,128,484,1,1
330.0,4,7446,1,256,967,1,1
330.0,7,4592,1,640,2417,1,1
330.0,7,4592,1,640,2417,1,1
330.0,7,4592,1,640,2417,1,1
330.0,5,6650,1,320,1209,1,1
330.0,1,653,1,64,242,1,1
330.0,5,6650,1,320,1209,1,1
330.0,1,653,1,64,242,1,1
330.0,7,4592,1,640,2417,1,1
330.0,3,3842,1,192,725,1,1
330.0,7,4592,1,640,2417,1,1
330.0,3,3842,1,192,725,1,1
330.0,7,4592,1,640,2417,1,1
330.0,5,6650,1,320,1209,1,1
330.0,4,7446,1,256,967,1,1
330.0,1,653,1,64,242,1,1
340.0,2,2275,1,128,484,1,1
340.0,1,653,1,64,242,1,1
340.0,4,7446,1,256,967,1,1
340.0,3,3842,1,192,725,1,1
340.0,3,3842,1,192,725,1,1
340.0,3,3842,1,192,725,1,1
340.0,6,2755,1,384,1450,1,1
340.0,6,2755,1,384,1450,1,1
340.0,5,6650,1,320,1209,1,1
340.0,4,7446,1,256,967,1,1
340.0,4,7446,1,256,967,1,1
340.0,8,3191,1,704,2659,1,1
340.0,5,6650,1,320,1209,1,1
340.0,6,2755,1,384,1450,1,1
340.0,4,7446,1,256,967,1,1
340.0,4,7446,1,256,967,1,1
340.0,4,7446,1,256,967,1,1
340.0,3,3842,1,192,725,1,1
340.0,2,2275,1,128,484,1,1
340.0,8,3191,1,704,2659,1,1
340.0,6,2755,1,384,1450,1,1
340.0,2,2275,1,128,484,1,1
340.0,1,653,1,64,242,1,1
340.0,7,4592,1,640,2417,1,1
340.0,2,2275,1,128,484,1,1
340.0,2,2275,1,128,484,1,1
350.0,1,653,1,64,242,1,1
350.0,6,2755,1,384,1450,1,1
350.0,6,2755,1,384,1450,1,1
350.0,2,2275,1,128,484,1,1
350.0,7,4592,1,640,2417,1,1
350.0,8,3191,1,704,2659,1,1
350.0,6,2755,1,384,1450,1,1
350.0,7,4592,1,640,2417,1,1
350.0,7,4592,1,640,2417,1,1
350.0,1,653,1,64,242,1,1
350.0,7,4592,1,640,2417,1,1
350.0,6,2755,1,384,1450,1,1
350.0,8,3191,1,704,2659,1,1
350.0,6,2755,1,384,1450,1,1
350.0,5,6650,1,320,1209,1,1
350.0,3,3842,1,192,725,1,1
350.0,4,7446,1,256,967,1,1
350.0,5,6650,1,320,1209,1,1
350.0,2,2275,1,128,484,1,1
350.0,2,2275,1,128,484,1,1
350.0,5,6650,1,320,1209,1,1
350.0,2,2275,1,128,484,1,1
350.0,5,6650,1,320,1209,1,1
350.0,2,2275,1,128,484,1,1
360.0,2,2275,1,128,484,1,1
360.0,8,3191,1,704,2659,1,1
360.0,2,2275,1,128,484,1,1
360.0,3,3842,1,192,725,1,1
360.0,3,3842,1,192,725,1,1
360.0,2,2275,1,128,484,1,1
360.0,8,3191,1,704,2659,1,1
360.0,1,653,1,64,242,1,1
360.0,2,2275,1,128,484,1,1
360.0,2,2275,1,128,484,1,1
360.0,3,3842,1,192,725,1,1
360.0,3,3842,1,192,725,1,1
360.0,7,4592,1,640,2417,1,1
360.0,5,6650,1,320,1209,1,1
360.0,4,7446,1,256,967,1,1
360.0,8,3191,1,704,2659,1,1
360.0,4,7446,1,256,967,1,1
360.0,2,2275,1,128,484,1,1
360.0,1,653,1,64,242,1,1
360.0,6,2755,1,384,1450,1,1
360.0,4,7446,1,256,967,1,1
370.0,8,3191,1,704,2659,1,1
370.0,2,2275,1,128,484,1,1
370.0,8,3191,1,704,2659,1,1
370.0,1,653,1,64,242,1,1
370.0,4,7446,1,256,967,1,1
370.0,3,3842,1,192,725,1,1
370.0,6,2755,1,384,1450,1,1
370.0,6,2755,1,384,1450,1,1
370.0,3,3842,1,192,725,1,1
370.0,8,3191,1,704,2659,1,1
370.0,6,2755,1,384,1450,1,1
370.0,7,4592,1,640,2417,1,1
370.0,7,4592,1,640,2417,1,1
370.0,5,6650,1,320,1209,1,1
370.0,4,7446,1,256,967,1,1
370.0,7,4592,1,640,2417,1,1
370.0,8,3191,1,704,2659,1,1
370.0,8,3191,1,704,2659,1,1
370.0,8,3191,1,704,2659,1,1
380.0,2,2275,1,128,484,1,1
380.0,1,653,1,64,242,1,1
380.0,4,7446,1,256,967,1,1
380.0,4,7446,1,256,967,1,1
380.0,4,7446,1,256,967,1,1
380.0,8,3191,1,704,2659,1,1
380.0,7,4592,1,640,2417,1,1
380.0,4,7446,1,256,967,1,1
380.0,6,2755,1,384,1450,1,1
380.0,7,4592,1,640,2417,1,1
380.0,3,3842,1,192,725,1,1
380.0,8,3191,1,704,2659,1,1
380.0,2,2275,1,128,484,1,1
380.0,4,7446,1,256,967,1,1
380.0,1,653,1,64,242,1,1
380.0,4,7446,1,256,967,1,1
380.0,7,4592,1,640,2417,1,1
390.0,5,6650,1,320,1209,1,1
390.0,3,3842,1,192,725,1,1
390.0,5,6650,1,320,1209,1,1
390.0,2,2275,1,128,484,1,1
390.0,7,4592,1,640,2417,1,1
390.0,2,2275,1,128,484,1,1
390.0,4,7446,1,256,967,1,1
390.0,7,4592,1,640,2417,1,1
390.0,1,653,1,64,242,1,1
390.0,3,3842,1,192,725,1,1
390.0,3,3842,1,192,725,1,1
390.0,6,2755,1,384,1450,1,1
390.0,6,2755,1,384,1450,1,1
390.0,1,653,1,64,242,1,1
400.0,8,3191,1,704,2659,1,1
400.0,3,3842,1,192,725,1,1
400.0,1,653,1,64,242,1,1
400.0,4,7446,1,256,967,1,1
400.0,1,653,1,64,242,1,1
400.0,7,4592,1,640,2417,1,1
400.0,2,2275,1,128,484,1,1
400.0,4,7446,1,256,967,1,1
400.0,6,2755,1,384,1450,1,1
400.0,7,4592,1,640,2417,1,1
400.0,7,4592,1,640,2417,1,1
400.0,7,4592,1,640,2417,1,1
410.0,6,2755,1,384,1450,1,1
410.0,8,3191,1,704,2659,1,1
410.0,3,3842,1,192,725,1,1
410.0,6,2755,1,384,1450,1,1
410.0,6,2755,1,384,1450,1,1
410.0,1,653,1,64,242,1,1
410.0,3,3842,1,192,725,1,1
410.0,5,6650,1,320,1209,1,1
410.0,2,2275,1,128,484,1,1
410.0,8,3191,1,704,2659,1,1
420.0,3,3842,1,192,725,1,1
420.0,5,6650,1,320,1209,1,1
420.0,2,2275,1,128,484,1,1
420.0,3,3842,1,192,725,1,1
420.0,7,4592,1,640,2417,1,1
420.0,7,4592,1,640,2417,1,1
420.0,8,3191,1,704,2659,1,1
430.0,6,2755,1,384,1450,1,1
430.0,6,2755,1,384,1450,1,1
430.0,7,4592,1,640,2417,1,1
430.0,8,3191,1,704,2659,1,1
430.0,5,6650,1,320,1209,1,1
440.0,2,2275,1,128,484,1,1
440.0,7,4592,1,640,2417,1,1
