50.0,4,7446,1,256,967,1,1
50.0,7,4592,1,640,2417,1,1
58.16,3,3842,1,192,725,1,1
58.16,3,3842,1,192,725,1,1
58.16,3,3842,1,192,725,1,1
58.16,3,3842,1,192,725,1,1
66.33,5,6650,1,320,1209,1,1
66.33,4,7446,1,256,967,1,1
66.33,6,2755,1,384,1450,1,1
66.33,3,3842,1,192,725,1,1
66.33,8,3191,1,704,2659,1,1
66.33,4,7446,1,256,967,1,1
74.49,7,4592,1,640,2417,1,1
74.49,1,653,1,64,242,1,1
74.49,6,2755,1,384,1450,1,1
74.49,6,2755,1,384,1450,1,1
74.49,3,3842,1,192,725,1,1
74.49,3,3842,1,192,725,1,1
74.49,3,3842,1,192,725,1,1
82.65,3,3842,1,192,725,1,1
82.65,3,3842,1,192,725,1,1
82.65,1,653,1,64,242,1,1
82.65,8,3191,1,704,2659,1,1
82.65,6,2755,1,384,1450,1,1
82.65,4,7446,1,256,967,1,1
82.65,2,2275,1,128,484,1,1
82.65,2,2275,1,128,484,1,1
82.65,7,4592,1,640,2417,1,1
90.82,8,3191,1,704,2659,1,1
90.82,4,7446,1,256,967,1,1
90.82,4,7446,1,256,967,1,1
90.82,8,3191,1,704,2659,1,1
90.82,4,7446,1,256,967,1,1
90.82,6,2755,1,384,1450,1,1
90.82,1,653,1,64,242,1,1
90.82,4,7446,1,256,967,1,1
90.82,2,2275,1,128,484,1,1
90.82,1,653,1,64,242,1,1
90.82,5,6650,1,320,1209,1,1
98.98,8,3191,1,704,2659,1,1
98.98,2,2275,1,128,484,1,1
98.98,2,2275,1,128,484,1,1
98.98,5,6650,1,320,1209,1,1
98.98,1,653,1,64,242,1,1
98.98,2,2275,1,128,484,1,1
98.98,1,653,1,64,242,1,1
98.98,3,3842,1,192,725,1,1
98.98,4,7446,1,256,967,1,1
98.98,1,653,1,64,242,1,1
98.98,4,7446,1,256,967,1,1
98.98,4,7446,1,256,967,1,1
98.98,5,6650,1,320,1209,1,1
107.14,5,6650,1,320,1209,1,1
107.14,6,2755,1,384,1450,1,1
107.14,2,2275,1,128,484,1,1
107.14,1,653,1,64,242,1,1
107.14,7,4592,1,640,2417,1,1
107.14,3,3842,1,192,725,1,1
107.14,4,7446,1,256,967,1,1
107.14,5,6650,1,320,1209,1,1
107.14,2,2275,1,128,484,1,1
107.14,8,3191,1,704,2659,1,1
107.14,4,7446,1,256,967,1,1
107.14,5,6650,1,320,1209,1,1
107.14,2,2275,1,128,484,1,1
107.14,2,2275,1,128,484,1,1
107.14,3,3842,1,192,725,1,1
115.31,2,2275,1,128,484,1,1
115.31,6,2755,1,384,1450,1,1
115.31,6,2755,1,384,1450,1,1
115.31,5,6650,1,320,1209,1,1
115.31,6,2755,1,384,1450,1,1
115.31,8,3191,1,704,2659,1,1
115.31,3,3842,1,192,725,1,1
115.31,4,7446,1,256,967,1,1
115.31,5,6650,1,320,1209,1,1
115.31,7,4592,1,640,2417,1,1
115.31,5,6650,1,320,1209,1,1
115.31,3,3842,1,192,725,1,1
115.31,1,653,1,64,242,1,1
115.31,3,3842,1,192,725,1,1
115.31,8,3191,1,704,2659,1,1
115.31,7,4592,1,640,2417,1,1
115.31,2,2275,1,128,484,1,1
123.47,8,3191,1,704,2659,1,1
123.47,7,4592,1,640,2417,1,1
123.47,2,2275,1,128,484,1,1
123.47,2,2275,1,128,484,1,1
123.47,3,3842,1,192,725,1,1
123.47,6,2755,1,384,1450,1,1
123.47,5,6650,1,320,1209,1,1
123.47,6,2755,1,384,1450,1,1
123.47,8,3191,1,704,2659,1,1
123.47,5,6650,1,320,1209,1,1
123.47,1,653,1,64,242,1,1
123.47,4,7446,1,256,967,1,1
123.47,5,6650,1,320,1209,1,1
123.47,6,2755,1,384,1450,1,1
123.47,5,6650,1,320,1209,1,1
123.47,6,2755,1,384,1450,1,1
123.47,6,2755,1,384,1450,1,1
123.47,1,653,1,64,242,1,1
123.47,1,653,1,64,242,1,1
131.63,3,3842,1,192,725,1,1
131.63,8,3191,1,704,2659,1,1
131.63,5,6650,1,320,1209,1,1
131.63,5,6650,1,320,1209,1,1
131.63,3,3842,1,192,725,1,1
131.63,7,4592,1,640,2417,1,1
131.63,6,2755,1,384,1450,1,1
131.63,8,3191,1,704,2659,1,1
131.63,4,7446,1,256,967,1,1
131.63,8,3191,1,704,2659,1,1
131.63,7,4592,1,640,2417,1,1
131.63,7,4592,1,640,2417,1,1
131.63,5,6650,1,320,1209,1,1
131.63,5,6650,1,320,1209,1,1
131.63,5,6650,1,320,1209,1,1
131.63,6,2755,1,384,1450,1,1
131.63,3,3842,1,192,725,1,1
131.63,6,2755,1,384,1450,1,1
131.63,6,2755,1,384,1450,1,1
131.63,2,2275,1,128,484,1,1
139.8,2,2275,1,128,484,1,1
139.8,3,3842,1,192,725,1,1
139.8,4,7446,1,256,967,1,1
139.8,8,3191,1,704,2659,1,1
139.8,7,4592,1,640,2417,1,1
139.8,1,653,1,64,242,1,1
139.8,7,4592,1,640,2417,1,1
139.8,6,2755,1,384,1450,1,1
139.8,6,2755,1,384,1450,1,1
139.8,1,653,1,64,242,1,1
139.8,8,3191,1,704,2659,1,1
139.8,5,6650,1,320,1209,1,1
139.8,2,2275,1,128,484,1,1
139.8,8,3191,1,704,2659,1,1
139.8,6,2755,1,384,1450,1,1
139.8,3,3842,1,192,725,1,1
139.8,6,2755,1,384,1450,1,1
139.8,6,2755,1,384,1450,1,1
139.8,4,7446,1,256,967,1,1
139.8,6,2755,1,384,1450,1,1
139.8,4,7446,1,256,967,1,1
139.8,5,6650,1,320,1209,1,1
147.96,8,3191,1,704,2659,1,1
147.96,7,4592,1,640,2417,1,1
147.96,3,3842,1,192,725,1,1
147.96,3,3842,1,192,725,1,1
147.96,7,4592,1,640,2417,1,1
147.96,4,7446,1,256,967,1,1
147.96,4,7446,1,256,967,1,1
147.96,7,4592,1,640,2417,1,1
147.96,4,7446,1,256,967,1,1
147.96,6,2755,1,384,1450,1,1
147.96,7,4592,1,640,2417,1,1
147.96,2,2275,1,128,484,1,1
147.96,8,3191,1,704,2659,1,1
147.96,5,6650,1,320,1209,1,1
147.96,6,2755,1,384,1450,1,1
147.96,7,4592,1,640,2417,1,1
147.96,2,2275,1,128,484,1,1
147.96,4,7446,1,256,967,1,1
147.96,8,3191,1,704,2659,1,1
147.96,8,3191,1,704,2659,1,1
147.96,6,2755,1,384,1450,1,1
147.96,6,2755,1,384,1450,1,1
147.96,1,653,1,64,242,1,1
147.96,4,7446,1,256,967,1,1
156.12,7,4592,1,640,2417,1,1
156.12,7,4592,1,640,2417,1,1
156.12,4,7446,1,256,967,1,1
156.12,6,2755,1,384,1450,1,1
156.12,5,6650,1,320,1209,1,1
156.12,4,7446,1,256,967,1,1
156.12,5,6650,1,320,1209,1,1
156.12,6,2755,1,384,1450,1,1
156.12,2,2275,1,128,484,1,1
156.12,7,4592,1,640,2417,1,1
156.12,5,6650,1,320,1209,1,1
156.12,3,3842,1,192,725,1,1
156.12,1,653,1,64,242,1,1
156.12,8,3191,1,704,2659,1,1
156.12,3,3842,1,192,725,1,1
156.12,7,4592,1,640,2417,1,1
156.12,6,2755,1,384,1450,1,1
156.12,8,3191,1,704,2659,1,1
156.12,7,4592,1,640,2417,1,1
156.12,5,6650,1,320,1209,1,1
156.12,6,2755,1,384,1450,1,1
156.12,7,4592,1,640,2417,1,1
156.12,4,7446,1,256,967,1,1
156.12,6,2755,1,384,1450,1,1
156.12,8,3191,1,704,2659,1,1
156.12,3,3842,1,192,725,1,1
164.29,3,3842,1,192,725,1,1
164.29,7,4592,1,640,2417,1,1
164.29,4,7446,1,256,967,1,1
164.29,2,2275,1,128,484,1,1
164.29,7,4592,1,640,2417,1,1
164.29,2,2275,1,128,484,1,1
164.29,4,7446,1,256,967,1,1
164.29,1,653,1,64,242,1,1
164.29,4,7446,1,256,967,1,1
164.29,4,7446,1,256,967,1,1
164.29,6,2755,1,384,1450,1,1
164.29,4,7446,1,256,967,1,1
164.29,5,6650,1,320,1209,1,1
164.29,8,3191,1,704,2659,1,1
164.29,6,2755,1,384,1450,1,1
164.29,7,4592,1,640,2417,1,1
164.29,2,2275,1,128,484,1,1
164.29,8,3191,1,704,2659,1,1
164.29,2,2275,1,128,484,1,1
164.29,7,4592,1,640,2417,1,1
164.29,3,3842,1,192,725,1,1
164.29,8,3191,1,704,2659,1,1
164.29,8,3191,1,704,2659,1,1
164.29,6,2755,1,384,1450,1,1
164.29,6,2755,1,384,1450,1,1
164.29,5,6650,1,320,1209,1,1
164.29,8,3191,1,704,2659,1,1
172.45,5,6650,1,320,1209,1,1
172.45,3,3842,1,192,725,1,1
172.45,8,3191,1,704,2659,1,1
172.45,4,7446,1,256,967,1,1
172.45,2,2275,1,128,484,1,1
172.45,3,3842,1,192,725,1,1
172.45,5,6650,1,320,1209,1,1
172.45,8,3191,1,704,2659,1,1
172.45,4,7446,1,256,967,1,1
172.45,2,2275,1,128,484,1,1
172.45,2,2275,1,128,484,1,1
172.45,2,2275,1,128,484,1,1
172.45,7,4592,1,640,2417,1,1
172.45,3,3842,1,192,725,1,1
172.45,7,4592,1,640,2417,1,1
172.45,1,653,1,64,242,1,1
172.45,3,3842,1,192,725,1,1
172.45,3,3842,1,192,725,1,1
172.45,3,3842,1,192,725,1,1
172.45,4,7446,1,256,967,1,1
172.45,5,6650,1,320,1209,1,1
172.45,8,3191,1,704,2659,1,1
172.45,1,653,1,64,242,1,1
172.45,8,3191,1,704,2659,1,1
172.45,6,2755,1,384,1450,1,1
172.45,6,2755,1,384,1450,1,1
172.45,3,3842,1,192,725,1,1
180.61,5,6650,1,320,1209,1,1
180.61,5,6650,1,320,1209,1,1
180.61,1,653,1,64,242,1,1
180.61,2,2275,1,128,484,1,1
180.61,8,3191,1,704,2659,1,1
180.61,8,3191,1,704,2659,1,1
180.61,7,4592,1,640,2417,1,1
180.61,1,653,1,64,242,1,1
180.61,8,3191,1,704,2659,1,1
180.61,3,3842,1,192,725,1,1
180.61,2,2275,1,128,484,1,1
180.61,4,7446,1,256,967,1,1
180.61,5,6650,1,320,1209,1,1
180.61,3,3842,1,192,725,1,1
180.61,3,3842,1,192,725,1,1
180.61,1,653,1,64,242,1,1
180.61,6,2755,1,384,1450,1,1
180.61,6,2755,1,384,1450,1,1
180.61,8,3191,1,704,2659,1,1
180.61,8,3191,1,704,2659,1,1
180.61,3,3842,1,192,725,1,1
180.61,8,3191,1,704,2659,1,1
180.61,2,2275,1,128,484,1,1
180.61,6,2755,1,384,1450,1,1
180.61,3,3842,1,192,725,1,1
180.61,4,7446,1,256,967,1,1
180.61,6,2755,1,384,1450,1,1
188.78,7,4592,1,640,2417,1,1
188.78,8,3191,1,704,2659,1,1
188.78,2,2275,1,128,484,1,1
188.78,1,653,1,64,242,1,1
188.78,6,2755,1,384,1450,1,1
188.78,7,4592,1,640,2417,1,1
188.78,3,3842,1,192,725,1,1
188.78,4,7446,1,256,967,1,1
188.78,3,3842,1,192,725,1,1
188.78,4,7446,1,256,967,1,1
188.78,2,2275,1,128,484,1,1
188.78,3,3842,1,192,725,1,1
188.78,7,4592,1,640,2417,1,1
188.78,5,6650,1,320,1209,1,1
188.78,2,2275,1,128,484,1,1
188.78,5,6650,1,320,1209,1,1
188.78,2,2275,1,128,484,1,1
188.78,8,3191,1,704,2659,1,1
188.78,3,3842,1,192,725,1,1
188.78,7,4592,1,640,2417,1,1
188.78,2,2275,1,128,484,1,1
188.78,4,7446,1,256,967,1,1
188.78,7,4592,1,640,2417,1,1
188.78,1,653,1,64,242,1,1
188.78,3,3842,1,192,725,1,1
188.78,5,6650,1,320,1209,1,1
188.78,1,653,1,64,242,1,1
196.94,3,3842,1,192,725,1,1
196.94,6,2755,1,384,1450,1,1
196.94,3,3842,1,192,725,1,1
196.94,6,2755,1,384,1450,1,1
196.94,3,3842,1,192,725,1,1
196.94,7,4592,1,640,2417,1,1
196.94,3,3842,1,192,725,1,1
196.94,2,2275,1,128,484,1,1
196.94,1,653,1,64,242,1,1
196.94,1,653,1,64,242,1,1
196.94,8,3191,1,704,2659,1,1
196.94,1,653,1,64,242,1,1
196.94,8,3191,1,704,2659,1,1
196.94,1,653,1,64,242,1,1
196.94,1,653,1,64,242,1,1
196.94,7,4592,1,640,2417,1,1
196.94,7,4592,1,640,2417,1,1
196.94,2,2275,1,128,484,1,1
196.94,4,7446,1,256,967,1,1
196.94,1,653,1,64,242,1,1
196.94,8,3191,1,704,2659,1,1
196.94,8,3191,1,704,2659,1,1
196.94,6,2755,1,384,1450,1,1
196.94,8,3191,1,704,2659,1,1
196.94,8,3191,1,704,2659,1,1
196.94,5,6650,1,320,1209,1,1
196.94,1,653,1,64,242,1,1
205.1,4,7446,1,256,967,1,1
205.1,1,653,1,64,242,1,1
205.1,6,2755,1,384,1450,1,1
205.1,6,2755,1,384,1450,1,1
205.1,1,653,1,64,242,1,1
205.1,8,3191,1,704,2659,1,1
205.1,3,3842,1,192,725,1,1
205.1,8,3191,1,704,2659,1,1
205.1,2,2275,1,128,484,1,1
205.1,6,2755,1,384,1450,1,1
205.1,2,2275,1,128,484,1,1
205.1,5,6650,1,320,1209,1,1
205.1,6,2755,1,384,1450,1,1
205.1,1,653,1,64,242,1,1
205.1,5,6650,1,320,1209,1,1
205.1,4,7446,1,256,967,1,1
205.1,2,2275,1,128,484,1,1
205.1,8,3191,1,704,2659,1,1
205.1,7,4592,1,640,2417,1,1
205.1,2,2275,1,128,484,1,1
205.1,6,2755,1,384,1450,1,1
205.1,8,3191,1,704,2659,1,1
205.1,8,3191,1,704,2659,1,1
205.1,3,3842,1,192,725,1,1
205.1,4,7446,1,256,967,1,1
205.1,3,3842,1,192,725,1,1
205.1,2,2275,1,128,484,1,1
213.27,4,7446,1,256,967,1,1
213.27,5,6650,1,320,1209,1,1
213.27,5,6650,1,320,1209,1,1
213.27,5,6650,1,320,1209,1,1
213.27,6,2755,1,384,1450,1,1
213.27,8,3191,1,704,2659,1,1
213.27,6,2755,1,384,1450,1,1
213.27,5,6650,1,320,1209,1,1
213.27,7,4592,1,640,2417,1,1
213.27,8,3191,1,704,2659,1,1
213.27,5,6650,1,320,1209,1,1
213.27,2,2275,1,128,484,1,1
213.27,3,3842,1,192,725,1,1
213.27,4,7446,1,256,967,1,1
213.27,8,3191,1,704,2659,1,1
213.27,7,4592,1,640,2417,1,1
213.27,3,3842,1,192,725,1,1
213.27,4,7446,1,256,967,1,1
213.27,4,7446,1,256,967,1,1
213.27,8,3191,1,704,2659,1,1
213.27,3,3842,1,192,725,1,1
213.27,5,6650,1,320,1209,1,1
213.27,6,2755,1,384,1450,1,1
213.27,7,4592,1,640,2417,1,1
213.27,6,2755,1,384,1450,1,1
213.27,4,7446,1,256,967,1,1
213.27,6,2755,1,384,1450,1,1
213.27,2,2275,1,128,484,1,1
221.43,8,3191,1,704,2659,1,1
221.43,1,653,1,64,242,1,1
221.43,4,7446,1,256,967,1,1
221.43,4,7446,1,256,967,1,1
221.43,8,3191,1,704,2659,1,1
221.43,1,653,1,64,242,1,1
221.43,5,6650,1,320,1209,1,1
221.43,5,6650,1,320,1209,1,1
221.43,3,3842,1,192,725,1,1
221.43,5,6650,1,320,1209,1,1
221.43,8,3191,1,704,2659,1,1
221.43,2,2275,1,128,484,1,1
221.43,5,6650,1,320,1209,1,1
221.43,2,2275,1,128,484,1,1
221.43,4,7446,1,256,967,1,1
221.43,1,653,1,64,242,1,1
221.43,4,7446,1,256,967,1,1
221.43,2,2275,1,128,484,1,1
221.43,3,3842,1,192,725,1,1
221.43,8,3191,1,704,2659,1,1
221.43,4,7446,1,256,967,1,1
221.43,3,3842,1,192,725,1,1
221.43,6,2755,1,384,1450,1,1
221.43,5,6650,1,320,1209,1,1
221.43,4,7446,1,256,967,1,1
221.43,8,3191,1,704,2659,1,1
221.43,3,3842,1,192,725,1,1
221.43,2,2275,1,128,484,1,1
229.59,8,3191,1,704,2659,1,1
229.59,2,2275,1,128,484,1,1
229.59,7,4592,1,640,2417,1,1
229.59,6,2755,1,384,1450,1,1
229.59,2,2275,1,128,484,1,1
229.59,7,4592,1,640,2417,1,1
229.59,6,2755,1,384,1450,1,1
229.59,2,2275,1,128,484,1,1
229.59,4,7446,1,256,967,1,1
229.59,7,4592,1,640,2417,1,1
229.59,2,2275,1,128,484,1,1
229.59,1,653,1,64,242,1,1
229.59,2,2275,1,128,484,1,1
229.59,3,3842,1,192,725,1,1
229.59,1,653,1,64,242,1,1
229.59,5,6650,1,320,1209,1,1
229.59,4,7446,1,256,967,1,1
229.59,8,3191,1,704,2659,1,1
229.59,7,4592,1,640,2417,1,1
229.59,8,3191,1,704,2659,1,1
229.59,6,2755,1,384,1450,1,1
229.59,4,7446,1,256,967,1,1
229.59,5,6650,1,320,1209,1,1
229.59,7,4592,1,640,2417,1,1
229.59,6,2755,1,384,1450,1,1
229.59,1,653,1,64,242,1,1
229.59,8,3191,1,704,2659,1,1
229.59,1,653,1,64,242,1,1
237.76,6,2755,1,384,1450,1,1
237.76,2,2275,1,128,484,1,1
237.76,4,7446,1,256,967,1,1
237.76,8,3191,1,704,2659,1,1
237.76,7,4592,1,640,2417,1,1
237.76,7,4592,1,640,2417,1,1
237.76,1,653,1,64,242,1,1
237.76,4,7446,1,256,967,1,1
237.76,5,6650,1,320,1209,1,1
237.76,4,7446,1,256,967,1,1
237.76,7,4592,1,640,2417,1,1
237.76,8,3191,1,704,2659,1,1
237.76,6,2755,1,384,1450,1,1
237.76,8,3191,1,704,2659,1,1
237.76,3,3842,1,192,725,1,1
237.76,6,2755,1,384,1450,1,1
237.76,1,653,1,64,242,1,1
237.76,4,7446,1,256,967,1,1
237.76,2,2275,1,128,484,1,1
237.76,5,6650,1,320,1209,1,1
237.76,4,7446,1,256,967,1,1
237.76,5,6650,1,320,1209,1,1
237.76,6,2755,1,384,1450,1,1
237.76,6,2755,1,384,1450,1,1
237.76,6,2755,1,384,1450,1,1
237.76,7,4592,1,640,2417,1,1
237.76,4,7446,1,256,967,1,1
237.76,1,653,1,64,242,1,1
245.92,6,2755,1,384,1450,1,1
245.92,6,2755,1,384,1450,1,1
245.92,3,3842,1,192,725,1,1
245.92,3,3842,1,192,725,1,1
245.92,2,2275,1,128,484,1,1
245.92,2,2275,1,128,484,1,1
245.92,5,6650,1,320,1209,1,1
245.92,4,7446,1,256,967,1,1
245.92,3,3842,1,192,725,1,1
245.92,7,4592,1,640,2417,1,1
245.92,7,4592,1,640,2417,1,1
245.92,2,2275,1,128,484,1,1
245.92,8,3191,1,704,2659,1,1
245.92,5,6650,1,320,1209,1,1
245.92,4,7446,1,256,967,1,1
245.92,5,6650,1,320,1209,1,1
245.92,8,3191,1,704,2659,1,1
245.92,4,7446,1,256,967,1,1
245.92,4,7446,1,256,967,1,1
245.92,5,6650,1,320,1209,1,1
245.92,1,653,1,64,242,1,1
245.92,4,7446,1,256,967,1,1
245.92,3,3842,1,192,725,1,1
245.92,3,3842,1,192,725,1,1
245.92,8,3191,1,704,2659,1,1
245.92,7,4592,1,640,2417,1,1
245.92,1,653,1,64,242,1,1
245.92,3,3842,1,192,725,1,1
254.08,6,2755,1,384,1450,1,1
254.08,4,7446,1,256,967,1,1
254.08,4,7446,1,256,967,1,1
254.08,6,2755,1,384,1450,1,1
254.08,5,6650,1,320,1209,1,1
254.08,7,4592,1,640,2417,1,1
254.08,2,2275,1,128,484,1,1
254.08,5,6650,1,320,1209,1,1
254.08,8,3191,1,704,2659,1,1
254.08,3,3842,1,192,725,1,1
254.08,7,4592,1,640,2417,1,1
254.08,2,2275,1,128,484,1,1
254.08,8,3191,1,704,2659,1,1
254.08,5,6650,1,320,1209,1,1
254.08,6,2755,1,384,1450,1,1
254.08,8,3191,1,704,2659,1,1
254.08,2,2275,1,128,484,1,1
254.08,6,2755,1,384,1450,1,1
254.08,6,2755,1,384,1450,1,1
254.08,6,2755,1,384,1450,1,1
254.08,6,2755,1,384,1450,1,1
254.08,5,6650,1,320,1209,1,1
254.08,7,4592,1,640,2417,1,1
254.08,7,4592,1,640,2417,1,1
254.08,4,7446,1,256,967,1,1
254.08,8,3191,1,704,2659,1,1
254.08,7,4592,1,640,2417,1,1
254.08,2,2275,1,128,484,1,1
262.24,7,4592,1,640,2417,1,1
262.24,7,4592,1,640,2417,1,1
262.24,5,6650,1,320,1209,1,1
262.24,5,6650,1,320,1209,1,1
262.24,6,2755,1,384,1450,1,1
262.24,7,4592,1,640,2417,1,1
262.24,4,7446,1,256,967,1,1
262.24,8,3191,1,704,2659,1,1
262.24,7,4592,1,640,2417,1,1
262.24,4,7446,1,256,967,1,1
262.24,2,2275,1,128,484,1,1
262.24,1,653,1,64,242,1,1
262.24,8,3191,1,704,2659,1,1
262.24,5,6650,1,320,1209,1,1
262.24,4,7446,1,256,967,1,1
262.24,3,3842,1,192,725,1,1
262.24,2,2275,1,128,484,1,1
262.24,2,2275,1,128,484,1,1
262.24,2,2275,1,128,484,1,1
262.24,5,6650,1,320,1209,1,1
262.24,8,3191,1,704,2659,1,1
262.24,5,6650,1,320,1209,1,1
262.24,1,653,1,64,242,1,1
262.24,7,4592,1,640,2417,1,1
262.24,6,2755,1,384,1450,1,1
262.24,4,7446,1,256,967,1,1
262.24,2,2275,1,128,484,1,1
262.24,5,6650,1,320,1209,1,1
270.41,8,3191,1,704,2659,1,1
270.41,5,6650,1,320,1209,1,1
270.41,2,2275,1,128,484,1,1
270.41,7,4592,1,640,2417,1,1
270.41,7,4592,1,640,2417,1,1
270.41,6,2755,1,384,1450,1,1
270.41,3,3842,1,192,725,1,1
270.41,3,3842,1,192,725,1,1
270.41,5,6650,1,320,1209,1,1
270.41,7,4592,1,640,2417,1,1
270.41,1,653,1,64,242,1,1
270.41,2,2275,1,128,484,1,1
270.41,5,6650,1,320,1209,1,1
270.41,5,6650,1,320,1209,1,1
270.41,4,7446,1,256,967,1,1
270.41,6,2755,1,384,1450,1,1
270.41,2,2275,1,128,484,1,1
270.41,6,2755,1,384,1450,1,1
270.41,6,2755,1,384,1450,1,1
270.41,7,4592,1,640,2417,1,1
270.41,7,4592,1,640,2417,1,1
270.41,2,2275,1,128,484,1,1
270.41,1,653,1,64,242,1,1
270.41,6,2755,1,384,1450,1,1
270.41,3,3842,1,192,725,1,1
270.41,2,2275,1,128,484,1,1
270.41,6,2755,1,384,1450,1,1
270.41,6,2755,1,384,1450,1,1
278.57,4,7446,1,256,967,1,1
278.57,3,3842,1,192,725,1,1
278.57,5,6650,1,320,1209,1,1
278.57,4,7446,1,256,967,1,1
278.57,2,2275,1,128,484,1,1
278.57,5,6650,1,320,1209,1,1
278.57,1,653,1,64,242,1,1
278.57,8,3191,1,704,2659,1,1
278.57,8,3191,1,704,2659,1,1
278.57,2,2275,1,128,484,1,1
278.57,7,4592,1,640,2417,1,1
278.57,1,653,1,64,242,1,1
278.57,4,7446,1,256,967,1,1
278.57,4,7446,1,256,967,1,1
278.57,2,2275,1,128,484,1,1
278.57,3,3842,1,192,725,1,1
278.57,3,3842,1,192,725,1,1
278.57,7,4592,1,640,2417,1,1
278.57,7,4592,1,640,2417,1,1
278.57,5,6650,1,320,1209,1,1
278.57,3,3842,1,192,725,1,1
278.57,6,2755,1,384,1450,1,1
278.57,2,2275,1,128,484,1,1
278.57,4,7446,1,256,967,1,1
278.57,5,6650,1,320,1209,1,1
278.57,4,7446,1,256,967,1,1
278.57,8,3191,1,704,2659,1,1
278.57,6,2755,1,384,1450,1,1
286.73,7,4592,1,640,2417,1,1
286.73,5,6650,1,320,1209,1,1
286.73,3,3842,1,192,725,1,1
286.73,3,3842,1,192,725,1,1
286.73,1,653,1,64,242,1,1
286.73,6,2755,1,384,1450,1,1
286.73,3,3842,1,192,725,1,1
286.73,4,7446,1,256,967,1,1
286.73,6,2755,1,384,1450,1,1
286.73,2,2275,1,128,484,1,1
286.73,7,4592,1,640,2417,1,1
286.73,1,653,1,64,242,1,1
286.73,7,4592,1,640,2417,1,1
286.73,7,4592,1,640,2417,1,1
286.73,2,2275,1,128,484,1,1
286.73,8,3191,1,704,2659,1,1
286.73,4,7446,1,256,967,1,1
286.73,2,2275,1,128,484,1,1
286.73,2,2275,1,128,484,1,1
286.73,8,3191,1,704,2659,1,1
286.73,8,3191,1,704,2659,1,1
286.73,6,2755,1,384,1450,1,1
286.73,1,653,1,64,242,1,1
286.73,6,2755,1,384,1450,1,1
286.73,3,3842,1,192,725,1,1
286.73,3,3842,1,192,725,1,1
286.73,2,2275,1,128,484,1,1
286.73,4,7446,1,256,967,1,1
294.9,2,2275,1,128,484,1,1
294.9,5,6650,1,320,1209,1,1
294.9,2,2275,1,128,484,1,1
294.9,7,4592,1,640,2417,1,1
294.9,2,2275,1,128,484,1,1
294.9,1,653,1,64,242,1,1
294.9,6,2755,1,384,1450,1,1
294.9,2,2275,1,128,484,1,1
294.9,8,3191,1,704,2659,1,1
294.9,3,3842,1,192,725,1,1
294.9,2,2275,1,128,484,1,1
294.9,8,3191,1,704,2659,1,1
294.9,3,3842,1,192,725,1,1
294.9,3,3842,1,192,725,1,1
294.9,5,6650,1,320,1209,1,1
294.9,7,4592,1,640,2417,1,1
294.9,1,653,1,64,242,1,1
294.9,8,3191,1,704,2659,1,1
294.9,7,4592,1,640,2417,1,1
294.9,5,6650,1,320,1209,1,1
294.9,7,4592,1,640,2417,1,1
294.9,2,2275,1,128,484,1,1
294.9,7,4592,1,640,2417,1,1
294.9,5,6650,1,320,1209,1,1
294.9,8,3191,1,704,2659,1,1
294.9,8,3191,1,704,2659,1,1
294.9,4,7446,1,256,967,1,1
294.9,7,4592,1,640,2417,1,1
303.06,4,7446,1,256,967,1,1
303.06,6,2755,1,384,1450,1,1
303.06,3,3842,1,192,725,1,1
303.06,1,653,1,64,242,1,1
303.06,5,6650,1,320,1209,1,1
303.06,4,7446,1,256,967,1,1
303.06,3,3842,1,192,725,1,1
303.06,1,653,1,64,242,1,1
303.06,4,7446,1,256,967,1,1
303.06,2,2275,1,128,484,1,1
303.06,3,3842,1,192,725,1,1
303.06,1,653,1,64,242,1,1
303.06,8,3191,1,704,2659,1,1
303.06,6,2755,1,384,1450,1,1
303.06,1,653,1,64,242,1,1
303.06,7,4592,1,640,2417,1,1
303.06,8,3191,1,704,2659,1,1
303.06,7,4592,1,640,2417,1,1
303.06,8,3191,1,704,2659,1,1
303.06,2,2275,1,128,484,1,1
303.06,5,6650,1,320,1209,1,1
303.06,2,2275,1,128,484,1,1
303.06,6,2755,1,384,1450,1,1
303.06,4,7446,1,256,967,1,1
303.06,7,4592,1,640,2417,1,1
303.06,1,653,1,64,242,1,1
303.06,5,6650,1,320,1209,1,1
303.06,4,7446,1,256,967,1,1
311.22,6,2755,1,384,1450,1,1
311.22,4,7446,1,256,967,1,1
311.22,6,2755,1,384,1450,1,1
311.22,7,4592,1,640,2417,1,1
311.22,2,2275,1,128,484,1,1
311.22,7,4592,1,640,2417,1,1
311.22,7,4592,1,640,2417,1,1
311.22,5,6650,1,320,1209,1,1
311.22,5,6650,1,320,1209,1,1
311.22,6,2755,1,384,1450,1,1
311.22,5,6650,1,320,1209,1,1
311.22,1,653,1,64,242,1,1
311.22,6,2755,1,384,1450,1,1
311.22,5,6650,1,320,1209,1,1
311.22,1,653,1,64,242,1,1
311.22,8,3191,1,704,2659,1,1
311.22,1,653,1,64,242,1,1
311.22,8,3191,1,704,2659,1,1
311.22,2,2275,1,128,484,1,1
311.22,1,653,1,64,242,1,1
311.22,4,7446,1,256,967,1,1
311.22,3,3842,1,192,725,1,1
311.22,7,4592,1,640,2417,1,1
311.22,1,653,1,64,242,1,1
311.22,8,3191,1,704,2659,1,1
311.22,1,653,1,64,242,1,1
311.22,2,2275,1,128,484,1,1
311.22,8,3191,1,704,2659,1,1
319.39,8,3191,1,704,2659,1,1
319.39,5,6650,1,320,1209,1,1
319.39,2,2275,1,128,484,1,1
319.39,8,3191,1,704,2659,1,1
319.39,2,2275,1,128,484,1,1
319.39,8,3191,1,704,2659,1,1
319.39,3,3842,1,192,725,1,1
319.39,7,4592,1,640,2417,1,1
319.39,7,4592,1,640,2417,1,1
319.39,5,6650,1,320,1209,1,1
319.39,2,2275,1,128,484,1,1
319.39,5,6650,1,320,1209,1,1
319.39,3,3842,1,192,725,1,1
319.39,3,3842,1,192,725,1,1
319.39,6,2755,1,384,1450,1,1
319.39,6,2755,1,384,1450,1,1
319.39,7,4592,1,640,2417,1,1
319.39,6,2755,1,384,1450,1,1
319.39,4,7446,1,256,967,1,1
319.39,4,7446,1,256,967,1,1
319.39,5,6650,1,320,1209,1,1
319.39,6,2755,1,384,1450,1,1
319.39,3,3842,1,192,725,1,1
319.39,6,2755,1,384,1450,1,1
319.39,4,7446,1,256,967,1,1
319.39,4,7446,1,256,967,1,1
319.39,3,3842,1,192,725,1,1
319.39,8,3191,1,704,2659,1,1
327.55,3,3842,1,192,725,1,1
327.55,2,2275,1,128,484,1,1
327.55,8,3191,1,704,2659,1,1
327.55,4,7446,1,256,967,1,1
327.55,2,2275,1,128,484,1,1
327.55,4,7446,1,256,967,1,1
327.55,3,3842,1,192,725,1,1
327.55,5,6650,1,320,1209,1,1
327.55,2,2275,1,128,484,1,1
327.55,1,653,1,64,242,1,1
327.55,2,2275,1,128,484,1,1
327.55,1,653,1,64,242,1,1
327.55,7,4592,1,640,2417,1,1
327.55,3,3842,1,192,725,1,1
327.55,5,6650,1,320,1209,1,1
327.55,5,6650,1,320,1209,1,1
327.55,3,3842,1,192,725,1,1
327.55,2,2275,1,128,484,1,1
327.55,1,653,1,64,242,1,1
327.55,6,2755,1,384,1450,1,1
327.55,7,4592,1,640,2417,1,1
327.55,1,653,1,64,242,1,1
327.55,5,6650,1,320,1209,1,1
327.55,1,653,1,64,242,1,1
327.55,2,2275,1,128,484,1,1
327.55,7,4592,1,640,2417,1,1
327.55,2,2275,1,128,484,1,1
327.55,1,653,1,64,242,1,1
335.71,3,3842,1,192,725,1,1
335.71,4,7446,1,256,967,1,1
335.71,1,653,1,64,242,1,1
335.71,3,3842,1,192,725,1,1
335.71,7,4592,1,640,2417,1,1
335.71,3,3842,1,192,725,1,1
335.71,7,4592,1,640,2417,1,1
335.71,5,6650,1,320,1209,1,1
335.71,8,3191,1,704,2659,1,1
335.71,5,6650,1,320,1209,1,1
335.71,8,3191,1,704,2659,1,1
335.71,7,4592,1,640,2417,1,1
335.71,4,7446,1,256,967,1,1
335.71,1,653,1,64,242,1,1
335.71,4,7446,1,256,967,1,1
335.71,3,3842,1,192,725,1,1
335.71,2,2275,1,128,484,1,1
335.71,5,6650,1,320,1209,1,1
335.71,8,3191,1,704,2659,1,1
335.71,2,2275,1,128,484,1,1
335.71,3,3842,1,192,725,1,1
335.71,4,7446,1,256,967,1,1
335.71,3,3842,1,192,725,1,1
335.71,7,4592,1,640,2417,1,1
335.71,7,4592,1,640,2417,1,1
335.71,4,7446,1,256,967,1,1
335.71,1,653,1,64,242,1,1
335.71,7,4592,1,640,2417,1,1
343.88,4,7446,1,256,967,1,1
343.88,6,2755,1,384,1450,1,1
343.88,5,6650,1,320,1209,1,1
343.88,1,653,1,64,242,1,1
343.88,2,2275,1,128,484,1,1
343.88,1,653,1,64,242,1,1
343.88,7,4592,1,640,2417,1,1
343.88,5,6650,1,320,1209,1,1
343.88,5,6650,1,320,1209,1,1
343.88,3,3842,1,192,725,1,1
343.88,7,4592,1,640,2417,1,1
343.88,5,6650,1,320,1209,1,1
343.88,6,2755,1,384,1450,1,1
343.88,3,3842,1,192,725,1,1
343.88,1,653,1,64,242,1,1
343.88,4,7446,1,256,967,1,1
343.88,1,653,1,64,242,1,1
343.88,7,4592,1,640,2417,1,1
343.88,2,2275,1,128,484,1,1
343.88,1,653,1,64,242,1,1
343.88,5,6650,1,320,1209,1,1
343.88,1,653,1,64,242,1,1
343.88,3,3842,1,192,725,1,1
343.88,2,2275,1,128,484,1,1
343.88,5,6650,1,320,1209,1,1
343.88,3,3842,1,192,725,1,1
352.04,7,4592,1,640,2417,1,1
352.04,3,3842,1,192,725,1,1
352.04,8,3191,1,704,2659,1,1
352.04,8,3191,1,704,2659,1,1
352.04,5,6650,1,320,1209,1,1
352.04,8,3191,1,704,2659,1,1
352.04,2,2275,1,128,484,1,1
352.04,5,6650,1,320,1209,1,1
352.04,6,2755,1,384,1450,1,1
352.04,7,4592,1,640,2417,1,1
352.04,7,4592,1,640,2417,1,1
352.04,4,7446,1,256,967,1,1
352.04,3,3842,1,192,725,1,1
352.04,8,3191,1,704,2659,1,1
352.04,8,3191,1,704,2659,1,1
352.04,3,3842,1,192,725,1,1
352.04,3,3842,1,192,725,1,1
352.04,6,2755,1,384,1450,1,1
352.04,2,2275,1,128,484,1,1
352.04,4,7446,1,256,967,1,1
352.04,7,4592,1,640,2417,1,1
352.04,7,4592,1,640,2417,1,1
352.04,3,3842,1,192,725,1,1
352.04,8,3191,1,704,2659,1,1
360.2,2,2275,1,128,484,1,1
360.2,5,6650,1,320,1209,1,1
360.2,8,3191,1,704,2659,1,1
360.2,4,7446,1,256,967,1,1
360.2,1,653,1,64,242,1,1
360.2,8,3191,1,704,2659,1,1
360.2,3,3842,1,192,725,1,1
360.2,5,6650,1,320,1209,1,1
360.2,5,6650,1,320,1209,1,1
360.2,8,3191,1,704,2659,1,1
360.2,6,2755,1,384,1450,1,1
360.2,1,653,1,64,242,1,1
360.2,8,3191,1,704,2659,1,1
360.2,3,3842,1,192,725,1,1
360.2,5,6650,1,320,1209,1,1
360.2,3,3842,1,192,725,1,1
360.2,3,3842,1,192,725,1,1
360.2,2,2275,1,128,484,1,1
360.2,4,7446,1,256,967,1,1
360.2,8,3191,1,704,2659,1,1
360.2,8,3191,1,704,2659,1,1
360.2,2,2275,1,128,484,1,1
368.37,1,653,1,64,242,1,1
368.37,4,7446,1,256,967,1,1
368.37,3,3842,1,192,725,1,1
368.37,4,7446,1,256,967,1,1
368.37,1,653,1,64,242,1,1
368.37,6,2755,1,384,1450,1,1
368.37,3,3842,1,192,725,1,1
368.37,5,6650,1,320,1209,1,1
368.37,5,6650,1,320,1209,1,1
368.37,1,653,1,64,242,1,1
368.37,2,2275,1,128,484,1,1
368.37,4,7446,1,256,967,1,1
368.37,1,653,1,64,242,1,1
368.37,2,2275,1,128,484,1,1
368.37,7,4592,1,640,2417,1,1
368.37,5,6650,1,320,1209,1,1
368.37,6,2755,1,384,1450,1,1
368.37,1,653,1,64,242,1,1
368.37,2,2275,1,128,484,1,1
368.37,7,4592,1,640,2417,1,1
376.53,1,653,1,64,242,1,1
376.53,2,2275,1,128,484,1,1
376.53,8,3191,1,704,2659,1,1
376.53,5,6650,1,320,1209,1,1
376.53,2,2275,1,128,484,1,1
376.53,5,6650,1,320,1209,1,1
376.53,3,3842,1,192,725,1,1
376.53,8,3191,1,704,2659,1,1
376.53,3,3842,1,192,725,1,1
376.53,8,3191,1,704,2659,1,1
376.53,3,3842,1,192,725,1,1
376.53,2,2275,1,128,484,1,1
376.53,2,2275,1,128,484,1,1
376.53,1,653,1,64,242,1,1
376.53,5,6650,1,320,1209,1,1
376.53,3,3842,1,192,725,1,1
376.53,1,653,1,64,242,1,1
376.53,2,2275,1,128,484,1,1
376.53,8,3191,1,704,2659,1,1
384.69,4,7446,1,256,967,1,1
384.69,7,4592,1,640,2417,1,1
384.69,2,2275,1,128,484,1,1
384.69,8,3191,1,704,2659,1,1
384.69,3,3842,1,192,725,1,1
384.69,8,3191,1,704,2659,1,1
384.69,7,4592,1,640,2417,1,1
384.69,6,2755,1,384,1450,1,1
384.69,4,7446,1,256,967,1,1
384.69,8,3191,1,704,2659,1,1
384.69,6,2755,1,384,1450,1,1
384.69,7,4592,1,640,2417,1,1
384.69,6,2755,1,384,1450,1,1
384.69,3,3842,1,192,725,1,1
384.69,3,3842,1,192,725,1,1
384.69,7,4592,1,640,2417,1,1
384.69,1,653,1,64,242,1,1
392.86,4,7446,1,256,967,1,1
392.86,2,2275,1,128,484,1,1
392.86,2,2275,1,128,484,1,1
392.86,6,2755,1,384,1450,1,1
392.86,3,3842,1,192,725,1,1
392.86,8,3191,1,704,2659,1,1
392.86,3,3842,1,192,725,1,1
392.86,5,6650,1,320,1209,1,1
392.86,2,2275,1,128,484,1,1
392.86,3,3842,1,192,725,1,1
392.86,8,3191,1,704,2659,1,1
392.86,2,2275,1,128,484,1,1
392.86,1,653,1,64,242,1,1
392.86,1,653,1,64,242,1,1
392.86,6,2755,1,384,1450,1,1
401.02,3,3842,1,192,725,1,1
401.02,6,2755,1,384,1450,1,1
401.02,5,6650,1,320,1209,1,1
401.02,5,6650,1,320,1209,1,1
401.02,7,4592,1,640,2417,1,1
401.02,2,2275,1,128,484,1,1
401.02,3,3842,1,192,725,1,1
401.02,6,2755,1,384,1450,1,1
401.02,2,2275,1,128,484,1,1
401.02,6,2755,1,384,1450,1,1
401.02,3,3842,1,192,725,1,1
401.02,2,2275,1,128,484,1,1
401.02,5,6650,1,320,1209,1,1
409.18,1,653,1,64,242,1,1
409.18,3,3842,1,192,725,1,1
409.18,8,3191,1,704,2659,1,1
409.18,8,3191,1,704,2659,1,1
409.18,4,7446,1,256,967,1,1
409.18,3,3842,1,192,725,1,1
409.18,3,3842,1,192,725,1,1
409.18,8,3191,1,704,2659,1,1
409.18,1,653,1,64,242,1,1
409.18,1,653,1,64,242,1,1
409.18,5,6650,1,320,1209,1,1
417.35,3,3842,1,192,725,1,1
417.35,4,7446,1,256,967,1,1
417.35,7,4592,1,640,2417,1,1
417.35,6,2755,1,384,1450,1,1
417.35,1,653,1,64,242,1,1
417.35,1,653,1,64,242,1,1
417.35,4,7446,1,256,967,1,1
417.35,2,2275,1,128,484,1,1
417.35,2,2275,1,128,484,1,1
425.51,3,3842,1,192,725,1,1
425.51,3,3842,1,192,725,1,1
425.51,2,2275,1,128,484,1,1
425.51,2,2275,1,128,484,1,1
425.51,5,6650,1,320,1209,1,1
425.51,5,6650,1,320,1209,1,1
425.51,3,3842,1,192,725,1,1
433.67,1,653,1,64,242,1,1
433.67,3,3842,1,192,725,1,1
433.67,4,7446,1,256,967,1,1
433.67,7,4592,1,640,2417,1,1
433.67,6,2755,1,384,1450,1,1
433.67,6,2755,1,384,1450,1,1
441.84,5,6650,1,320,1209,1,1
441.84,3,3842,1,192,725,1,1
441.84,8,3191,1,704,2659,1,1
441.84,5,6650,1,320,1209,1,1
450.0,5,6650,1,320,1209,1,1
450.0,3,3842,1,192,725,1,1
