1.05,9,8555,1,289,179
1.28,14,19555,1,165,200
1.45,14,135,1,165,200
1.86,12,17985,1,341,11558
1.89,5,247118,1,154,247118
2.03,5,445620,1,154,247118
2.22,1,16877,1,138,16877
2.39,14,135,1,165,200
2.74,12,10168,1,341,11558
2.94,13,1814,1,311,1291
2.98,1,3749,1,138,16877
3.15,14,19555,1,165,200
3.27,14,399,1,165,200
3.39,6,1301142,1,420,621039
3.4,5,31693,1,154,247118
3.59,5,31693,1,154,247118
3.88,9,68,1,289,179
4.03,9,381,1,289,179
4.48,9,4,1,289,179
4.59,9,4,1,289,179
4.64,12,11558,1,341,11558
5.17,5,17632,1,154,247118
5.36,9,4,1,289,179
5.37,9,68,1,289,179
5.51,9,68,1,289,179
5.57,14,135,1,165,200
5.93,5,31693,1,154,247118
6.08,9,381,1,289,179
6.26,12,10168,1,341,11558
6.29,1,48033,1,138,16877
6.32,12,10168,1,341,11558
6.37,5,445620,1,154,247118
6.57,1,3248,1,138,16877
6.93,14,27923,1,165,200
6.99,14,59,1,165,200
6.99,14,36,1,165,200
7.12,9,68,1,289,179
7.22,1,3248,1,138,16877
7.31,13,4963,1,311,1291
7.55,9,4,1,289,179
7.65,2,2236,1,155,11631
7.75,9,381,1,289,179
7.76,1,48033,1,138,16877
7.92,14,27923,1,165,200
7.93,9,179,1,289,179
7.98,12,92712,1,341,11558
8.1,9,4,1,289,179
8.41,9,62,1,289,179
8.42,12,4361,1,341,11558
8.48,5,31693,1,154,247118
8.5,14,399,1,165,200
8.5,14,135,1,165,200
9.01,14,27923,1,165,200
9.19,14,36,1,165,200
9.3,12,92712,1,341,11558
9.47,14,56,1,165,200
9.57,1,19682,1,138,16877
9.78,5,45026,1,154,247118
9.95,1,48033,1,138,16877
9.97,9,62,1,289,179
10.48,9,68,1,289,179
11.07,9,179,1,289,179
11.27,14,36,1,165,200
11.69,9,179,1,289,179
11.79,9,179,1,289,179
11.82,12,6820,1,341,11558
11.95,5,31693,1,154,247118
12.11,14,59,1,165,200
12.14,1,10741,1,138,16877
12.26,14,56,1,165,200
12.32,14,19555,1,165,200
12.51,5,17632,1,154,247118
12.68,1,3749,1,138,16877
12.71,14,399,1,165,200
12.83,13,5616,1,311,1291
12.87,14,36,1,165,200
12.88,14,27923,1,165,200
13.13,1,48033,1,138,16877
13.13,9,4,1,289,179
13.23,1,3248,1,138,16877
13.43,14,59,1,165,200
13.65,12,6820,1,341,11558
13.75,9,62,1,289,179
13.81,1,48033,1,138,16877
13.86,9,68,1,289,179
13.86,9,68,1,289,179
13.87,14,36,1,165,200
14.06,12,4361,1,341,11558
14.29,14,200,1,165,200
14.31,9,68,1,289,179
14.35,2,15248,1,155,11631
14.55,13,468,1,311,1291
14.59,14,200,1,165,200
14.63,12,28,1,341,11558
14.73,14,19555,1,165,200
14.79,9,62,1,289,179
14.82,9,4,1,289,179
14.9,9,3410,1,289,179
14.93,1,10741,1,138,16877
14.93,1,3749,1,138,16877
15.03,1,48033,1,138,16877
15.11,12,17985,1,341,11558
15.32,9,3410,1,289,179
15.65,9,108,1,289,179
15.85,14,59,1,165,200
16.3,7,2176,1,166,4710
16.5,9,179,1,289,179
16.51,14,59,1,165,200
16.65,7,14996,1,166,4710
16.65,1,3749,1,138,16877
16.84,9,108,1,289,179
16.85,5,445620,1,154,247118
16.88,14,56,1,165,200
17.12,14,135,1,165,200
17.48,12,6820,1,341,11558
17.54,14,27923,1,165,200
17.86,14,59,1,165,200
17.98,5,445620,1,154,247118
18.17,14,27923,1,165,200
18.23,12,4361,1,341,11558
18.34,14,36,1,165,200
18.53,14,56,1,165,200
18.65,9,4,1,289,179
18.72,1,19682,1,138,16877
18.73,7,530,1,166,4710
18.93,9,3410,1,289,179
19.02,14,27923,1,165,200
19.1,14,200,1,165,200
19.11,1,16877,1,138,16877
19.35,9,108,1,289,179
19.37,9,62,1,289,179
19.42,7,53941,1,166,4710
19.86,2,9753,1,155,11631
19.96,9,8555,1,289,179
20.05,14,200,1,165,200
20.16,9,4,1,289,179
20.58,9,62,1,289,179
20.63,13,144,1,311,1291
20.7,9,4,1,289,179
20.87,14,36,1,165,200
20.87,14,36,1,165,200
21.21,7,53941,1,166,4710
21.3,9,108,1,289,179
21.31,9,108,1,289,179
21.38,9,3410,1,289,179
21.69,1,16877,1,138,16877
21.72,12,108901,1,341,11558
21.78,9,108,1,289,179
21.92,1,48033,1,138,16877
21.93,9,381,1,289,179
22.07,14,19555,1,165,200
22.18,7,530,1,166,4710
22.18,5,292169,1,154,247118
22.36,9,3410,1,289,179
22.37,14,135,1,165,200
22.39,7,530,1,166,4710
22.46,12,108901,1,341,11558
22.55,14,56,1,165,200
22.57,7,53941,1,166,4710
22.59,14,36,1,165,200
22.8,9,179,1,289,179
22.81,12,28,1,341,11558
22.97,12,92712,1,341,11558
22.97,12,28,1,341,11558
23.0,1,19682,1,138,16877
23.42,14,27923,1,165,200
23.55,9,8555,1,289,179
23.62,5,45026,1,154,247118
24.34,1,48033,1,138,16877
24.66,12,17985,1,341,11558
24.69,12,10168,1,341,11558
24.95,1,19682,1,138,16877
24.96,9,62,1,289,179
25.03,7,2176,1,166,4710
25.04,12,108901,1,341,11558
25.19,5,45026,1,154,247118
25.26,13,1814,1,311,1291
25.27,9,68,1,289,179
25.72,14,56,1,165,200
25.77,5,445620,1,154,247118
25.91,9,8555,1,289,179
26.14,1,3400,1,138,16877
26.16,14,27923,1,165,200
26.35,14,19555,1,165,200
26.4,7,530,1,166,4710
26.49,12,17985,1,341,11558
26.66,14,399,1,165,200
26.67,12,4361,1,341,11558
26.81,9,381,1,289,179
27.08,7,4710,1,166,4710
27.23,1,16877,1,138,16877
27.3,14,27923,1,165,200
27.34,14,19555,1,165,200
27.54,12,6820,1,341,11558
28.04,9,8555,1,289,179
28.11,9,108,1,289,179
28.19,14,27923,1,165,200
28.21,14,200,1,165,200
28.26,14,27923,1,165,200
28.31,14,19555,1,165,200
28.5,12,108901,1,341,11558
28.66,1,19682,1,138,16877
28.67,5,31693,1,154,247118
28.74,14,19555,1,165,200
29.05,12,92712,1,341,11558
29.11,1,16877,1,138,16877
29.17,1,3248,1,138,16877
29.53,12,6820,1,341,11558
29.78,1,3400,1,138,16877
29.8,5,445620,1,154,247118
29.88,12,11558,1,341,11558
30.11,13,463,1,311,1291
30.17,12,6820,1,341,11558
30.22,7,4710,1,166,4710
30.62,13,463,1,311,1291
30.67,7,53941,1,166,4710
30.69,9,108,1,289,179
30.77,14,19555,1,165,200
31.12,12,10168,1,341,11558
31.22,14,36,1,165,200
31.36,12,17985,1,341,11558
31.45,12,6820,1,341,11558
31.47,1,19682,1,138,16877
31.75,9,381,1,289,179
32.01,9,62,1,289,179
32.11,7,312,1,166,4710
32.21,14,59,1,165,200
32.53,9,108,1,289,179
32.57,14,399,1,165,200
32.73,12,4361,1,341,11558
32.73,14,399,1,165,200
32.89,9,179,1,289,179
33.01,12,10168,1,341,11558
33.15,9,381,1,289,179
33.17,5,247118,1,154,247118
33.55,14,200,1,165,200
33.7,9,62,1,289,179
33.91,1,3400,1,138,16877
34.11,12,11558,1,341,11558
34.17,5,17632,1,154,247118
34.45,14,399,1,165,200
34.88,14,200,1,165,200
34.91,14,200,1,165,200
34.97,9,62,1,289,179
35.05,1,19682,1,138,16877
35.15,14,59,1,165,200
35.17,9,108,1,289,179
35.21,14,56,1,165,200
35.54,14,399,1,165,200
35.54,14,399,1,165,200
35.64,9,8555,1,289,179
35.69,9,3410,1,289,179
35.87,14,36,1,165,200
36.24,9,108,1,289,179
36.49,5,31693,1,154,247118
36.6,12,4361,1,341,11558
36.62,14,59,1,165,200
36.86,13,4963,1,311,1291
36.89,12,92712,1,341,11558
37.07,1,3248,1,138,16877
37.21,12,108901,1,341,11558
37.36,14,27923,1,165,200
37.42,5,445620,1,154,247118
37.74,9,4,1,289,179
37.9,14,27923,1,165,200
38.05,14,399,1,165,200
38.07,13,1814,1,311,1291
38.07,13,463,1,311,1291
38.37,9,8555,1,289,179
38.38,9,68,1,289,179
38.43,14,56,1,165,200
38.48,14,19555,1,165,200
38.68,14,200,1,165,200
38.84,14,399,1,165,200
39.22,9,179,1,289,179
39.5,9,3410,1,289,179
39.54,14,27923,1,165,200
39.57,12,6820,1,341,11558
39.87,13,463,1,311,1291
39.93,14,399,1,165,200
39.97,14,59,1,165,200
40.0,9,62,1,289,179
40.13,9,62,1,289,179
40.18,1,16877,1,138,16877
40.29,12,10168,1,341,11558
40.36,1,48033,1,138,16877
40.49,9,4,1,289,179
40.58,12,17985,1,341,11558
40.92,9,4,1,289,179
41.13,12,108901,1,341,11558
41.65,1,3749,1,138,16877
41.72,1,48033,1,138,16877
41.74,14,27923,1,165,200
41.83,9,4,1,289,179
41.88,4,88738,1,255,88738
42.04,9,108,1,289,179
42.26,14,399,1,165,200
42.31,7,53941,1,166,4710
42.34,12,4361,1,341,11558
42.37,1,3400,1,138,16877
42.67,1,48033,1,138,16877
42.86,9,179,1,289,179
43.03,12,17985,1,341,11558
43.1,12,28,1,341,11558
43.27,14,19555,1,165,200
43.35,14,56,1,165,200
43.54,9,4,1,289,179
43.69,9,179,1,289,179
43.72,14,56,1,165,200
43.95,9,68,1,289,179
44.14,9,108,1,289,179
44.25,1,3248,1,138,16877
44.35,1,48033,1,138,16877
44.43,14,399,1,165,200
44.44,14,36,1,165,200
44.52,13,144,1,311,1291
44.76,9,4,1,289,179
44.89,5,445620,1,154,247118
45.04,5,247118,1,154,247118
45.09,7,4710,1,166,4710
45.52,12,17985,1,341,11558
45.76,13,1291,1,311,1291
45.79,12,92712,1,341,11558
45.85,9,381,1,289,179
45.9,14,27923,1,165,200
46.19,14,399,1,165,200
46.38,12,11558,1,341,11558
46.4,12,108901,1,341,11558
46.6,9,62,1,289,179
46.63,7,4710,1,166,4710
46.65,9,62,1,289,179
46.77,14,59,1,165,200
47.45,1,16877,1,138,16877
47.56,2,9753,1,155,11631
47.68,1,16877,1,138,16877
47.79,1,3749,1,138,16877
47.86,14,135,1,165,200
47.87,13,468,1,311,1291
47.93,9,62,1,289,179
48.94,1,3248,1,138,16877
48.98,9,381,1,289,179
49.16,9,68,1,289,179
49.85,5,17632,1,154,247118
49.87,9,3410,1,289,179
49.88,9,108,1,289,179
50.1,12,10168,1,341,11558
50.45,12,108901,1,341,11558
50.52,1,48033,1,138,16877
50.71,9,3410,1,289,179
50.76,12,108901,1,341,11558
51.02,9,3410,1,289,179
51.07,14,56,1,165,200
51.34,12,92712,1,341,11558
51.77,5,31693,1,154,247118
51.83,1,48033,1,138,16877
51.85,12,6820,1,341,11558
51.9,1,48033,1,138,16877
51.91,12,11558,1,341,11558
51.94,14,19555,1,165,200
52.1,12,92712,1,341,11558
52.4,9,108,1,289,179
52.56,12,108901,1,341,11558
52.92,9,8555,1,289,179
53.36,12,28,1,341,11558
53.4,14,200,1,165,200
53.45,9,108,1,289,179
53.45,14,59,1,165,200
53.53,14,19555,1,165,200
53.69,5,45026,1,154,247118
53.85,1,3400,1,138,16877
53.95,1,3248,1,138,16877
54.14,1,3248,1,138,16877
54.14,1,3400,1,138,16877
54.22,13,5616,1,311,1291
54.35,1,48033,1,138,16877
54.77,9,3410,1,289,179
54.84,14,200,1,165,200
54.97,1,3400,1,138,16877
54.99,14,19555,1,165,200
55.04,9,4,1,289,179
55.29,2,28998,1,155,11631
55.81,13,468,1,311,1291
55.81,12,92712,1,341,11558
56.02,14,200,1,165,200
56.04,14,399,1,165,200
56.06,14,135,1,165,200
56.13,9,381,1,289,179
56.27,5,31693,1,154,247118
56.63,14,399,1,165,200
56.64,14,19555,1,165,200
56.69,14,200,1,165,200
56.72,9,4,1,289,179
56.85,9,4,1,289,179
56.97,14,59,1,165,200
57.1,9,381,1,289,179
57.27,14,27923,1,165,200
57.43,14,27923,1,165,200
57.71,9,179,1,289,179
57.8,14,135,1,165,200
58.05,14,19555,1,165,200
58.4,1,19682,1,138,16877
58.56,14,27923,1,165,200
58.62,9,8555,1,289,179
59.08,14,399,1,165,200
59.19,9,108,1,289,179
59.19,14,56,1,165,200
60.12,9,3410,1,289,179
60.12,1,3749,1,138,16877
60.16,14,19555,1,165,200
60.16,1,16877,1,138,16877
60.48,9,68,1,289,179
60.51,14,135,1,165,200
60.61,14,200,1,165,200
60.63,12,28,1,341,11558
60.81,12,28,1,341,11558
61.13,9,3410,1,289,179
61.16,9,179,1,289,179
61.54,9,68,1,289,179
61.6,12,6820,1,341,11558
61.76,14,36,1,165,200
61.86,14,36,1,165,200
62.12,14,135,1,165,200
62.23,1,16877,1,138,16877
62.27,9,68,1,289,179
62.85,1,48033,1,138,16877
62.92,12,10168,1,341,11558
62.95,9,68,1,289,179
63.01,14,36,1,165,200
63.03,9,179,1,289,179
63.24,2,9753,1,155,11631
63.46,5,247118,1,154,247118
63.52,14,399,1,165,200
63.68,12,108901,1,341,11558
63.79,1,48033,1,138,16877
63.81,1,48033,1,138,16877
63.85,13,463,1,311,1291
64.43,1,48033,1,138,16877
64.47,14,19555,1,165,200
64.67,13,1077,1,311,1291
64.7,1,3400,1,138,16877
64.79,1,3400,1,138,16877
64.83,14,135,1,165,200
65.11,9,179,1,289,179
65.14,9,108,1,289,179
65.42,14,399,1,165,200
65.56,14,36,1,165,200
65.57,14,19555,1,165,200
66.21,14,36,1,165,200
66.33,9,3410,1,289,179
66.54,1,3400,1,138,16877
66.61,14,27923,1,165,200
66.62,12,10168,1,341,11558
67.0,9,108,1,289,179
67.14,14,135,1,165,200
67.16,1,48033,1,138,16877
67.68,9,381,1,289,179
67.69,1,19682,1,138,16877
67.84,9,8555,1,289,179
68.24,1,16877,1,138,16877
68.25,2,28998,1,155,11631
68.31,2,9753,1,155,11631
68.48,12,92712,1,341,11558
68.92,14,59,1,165,200
68.98,12,6820,1,341,11558
69.07,14,27923,1,165,200
69.37,9,3410,1,289,179
69.46,9,179,1,289,179
69.59,14,135,1,165,200
69.69,7,530,1,166,4710
69.76,14,27923,1,165,200
70.01,1,10741,1,138,16877
70.44,14,27923,1,165,200
70.55,1,3400,1,138,16877
70.83,14,59,1,165,200
71.15,9,62,1,289,179
71.45,15,1044,1,222,1044
71.47,1,3248,1,138,16877
71.93,12,17985,1,341,11558
71.97,14,19555,1,165,200
72.14,9,8555,1,289,179
72.14,12,11558,1,341,11558
72.21,13,1291,1,311,1291
72.38,9,179,1,289,179
72.41,12,6820,1,341,11558
72.51,12,4361,1,341,11558
72.52,14,399,1,165,200
73.06,1,3749,1,138,16877
73.17,9,4,1,289,179
73.25,14,19555,1,165,200
73.29,14,19555,1,165,200
73.52,9,381,1,289,179
73.55,12,92712,1,341,11558
73.56,9,3410,1,289,179
73.82,5,247118,1,154,247118
74.26,9,108,1,289,179
74.33,9,4,1,289,179
74.58,12,4361,1,341,11558
74.63,1,48033,1,138,16877
75.24,14,36,1,165,200
75.38,14,59,1,165,200
75.52,13,4963,1,311,1291
75.61,12,10168,1,341,11558
75.62,9,8555,1,289,179
75.86,14,59,1,165,200
75.87,13,1814,1,311,1291
75.98,5,247118,1,154,247118
75.99,14,19555,1,165,200
76.19,14,200,1,165,200
76.76,14,36,1,165,200
76.92,14,200,1,165,200
77.05,12,11558,1,341,11558
77.21,9,381,1,289,179
77.3,14,56,1,165,200
77.32,14,56,1,165,200
77.35,1,3749,1,138,16877
77.57,1,48033,1,138,16877
77.82,9,68,1,289,179
77.99,14,56,1,165,200
78.05,14,36,1,165,200
78.05,5,31693,1,154,247118
78.32,12,6820,1,341,11558
78.54,9,108,1,289,179
78.78,14,19555,1,165,200
78.92,14,200,1,165,200
78.95,14,399,1,165,200
79.12,9,108,1,289,179
79.23,9,108,1,289,179
79.41,9,179,1,289,179
79.46,1,3400,1,138,16877
79.69,14,27923,1,165,200
79.8,14,19555,1,165,200
80.05,15,192,1,222,1044
80.14,15,761,1,222,1044
80.23,12,28,1,341,11558
80.68,14,399,1,165,200
80.82,14,399,1,165,200
80.92,14,399,1,165,200
80.92,7,530,1,166,4710
80.98,9,108,1,289,179
81.09,4,110772,1,255,88738
81.11,14,59,1,165,200
81.22,12,17985,1,341,11558
81.4,7,530,1,166,4710
81.48,12,10168,1,341,11558
81.54,12,6820,1,341,11558
81.59,9,381,1,289,179
81.74,1,48033,1,138,16877
81.82,12,6820,1,341,11558
82.06,9,381,1,289,179
82.07,14,56,1,165,200
82.5,9,4,1,289,179
82.57,14,27923,1,165,200
82.76,12,17985,1,341,11558
82.87,12,28,1,341,11558
82.88,14,135,1,165,200
82.97,9,62,1,289,179
83.27,5,445620,1,154,247118
83.56,1,10741,1,138,16877
83.58,14,19555,1,165,200
83.8,12,28,1,341,11558
84.31,13,463,1,311,1291
84.31,6,621039,1,420,621039
84.44,5,31693,1,154,247118
85.0,1,3400,1,138,16877
85.05,9,3410,1,289,179
85.17,12,11558,1,341,11558
85.47,9,68,1,289,179
85.66,9,68,1,289,179
85.75,14,59,1,165,200
85.76,9,4,1,289,179
85.78,9,62,1,289,179
86.07,14,399,1,165,200
86.27,9,179,1,289,179
86.67,12,17985,1,341,11558
86.96,14,36,1,165,200
87.15,14,200,1,165,200
87.25,5,292169,1,154,247118
87.45,14,27923,1,165,200
87.62,9,3410,1,289,179
87.63,8,1316,1,321,12002
87.9,9,4,1,289,179
88.25,14,27923,1,165,200
88.41,9,4,1,289,179
88.42,9,179,1,289,179
88.55,12,17985,1,341,11558
88.68,7,14996,1,166,4710
88.69,1,10741,1,138,16877
88.74,4,15532,1,255,88738
88.83,4,52718,1,255,88738
88.84,5,31693,1,154,247118
88.98,5,445620,1,154,247118
89.06,12,92712,1,341,11558
89.07,5,45026,1,154,247118
89.27,9,108,1,289,179
89.59,14,200,1,165,200
89.77,9,108,1,289,179
89.96,12,17985,1,341,11558
90.13,5,247118,1,154,247118
90.41,5,247118,1,154,247118
90.61,1,48033,1,138,16877
90.64,5,445620,1,154,247118
90.64,9,68,1,289,179
90.85,5,17632,1,154,247118
90.87,1,48033,1,138,16877
90.94,2,28998,1,155,11631
91.03,9,108,1,289,179
91.14,6,284,1,420,621039
91.35,9,4,1,289,179
91.59,9,4,1,289,179
91.77,13,1291,1,311,1291
91.84,1,3248,1,138,16877
92.14,14,135,1,165,200
92.15,12,11558,1,341,11558
92.64,1,10741,1,138,16877
92.84,14,200,1,165,200
92.88,14,27923,1,165,200
93.25,1,3400,1,138,16877
93.49,9,62,1,289,179
93.56,14,27923,1,165,200
93.59,14,56,1,165,200
93.69,5,31693,1,154,247118
93.98,6,1301142,1,420,621039
94.01,9,179,1,289,179
94.05,9,4,1,289,179
94.21,12,108901,1,341,11558
94.23,9,68,1,289,179
94.46,9,3410,1,289,179
94.96,14,399,1,165,200
95.29,1,3749,1,138,16877
95.33,7,530,1,166,4710
95.37,13,144,1,311,1291
95.51,14,135,1,165,200
95.61,9,4,1,289,179
95.74,10,9308,1,275,12795
95.78,1,3749,1,138,16877
95.89,9,4,1,289,179
95.95,10,652,1,275,12795
96.04,7,14996,1,166,4710
96.1,9,8555,1,289,179
96.32,9,68,1,289,179
96.35,1,3248,1,138,16877
96.76,9,108,1,289,179
96.79,6,1301142,1,420,621039
97.24,9,4,1,289,179
97.34,2,10780,1,155,11631
97.51,14,56,1,165,200
97.64,12,28,1,341,11558
97.66,13,1077,1,311,1291
97.67,14,19555,1,165,200
97.76,9,68,1,289,179
97.89,1,3400,1,138,16877
98.12,12,28,1,341,11558
98.85,12,17985,1,341,11558
98.88,14,135,1,165,200
99.08,9,3410,1,289,179
99.32,4,110772,1,255,88738
99.39,9,4,1,289,179
99.67,9,108,1,289,179
99.88,12,28,1,341,11558
100.03,12,4361,1,341,11558
100.08,9,3410,1,289,179
100.14,14,19555,1,165,200
100.26,12,4361,1,341,11558
100.36,7,312,1,166,4710
100.68,1,3248,1,138,16877
100.81,5,247118,1,154,247118
100.88,7,312,1,166,4710
100.97,5,445620,1,154,247118
101.0,5,17632,1,154,247118
101.24,9,381,1,289,179
101.39,5,292169,1,154,247118
101.44,14,56,1,165,200
101.52,1,19682,1,138,16877
101.82,9,4,1,289,179
102.14,9,68,1,289,179
102.15,14,27923,1,165,200
102.35,1,3248,1,138,16877
102.36,9,8555,1,289,179
102.59,14,19555,1,165,200
102.69,14,200,1,165,200
102.73,14,135,1,165,200
103.05,7,53941,1,166,4710
103.22,5,445620,1,154,247118
103.28,12,4361,1,341,11558
103.58,14,399,1,165,200
103.68,12,6820,1,341,11558
103.68,12,92712,1,341,11558
103.69,9,108,1,289,179
103.93,14,59,1,165,200
104.04,5,31693,1,154,247118
104.38,9,381,1,289,179
104.43,9,179,1,289,179
104.86,9,8555,1,289,179
105.15,7,53941,1,166,4710
105.2,1,48033,1,138,16877
105.2,12,92712,1,341,11558
105.2,9,8555,1,289,179
105.56,12,4361,1,341,11558
105.7,5,31693,1,154,247118
105.77,9,68,1,289,179
105.94,10,7815,1,275,12795
106.02,1,48033,1,138,16877
106.32,9,4,1,289,179
106.33,5,31693,1,154,247118
106.44,1,19682,1,138,16877
106.52,14,399,1,165,200
106.99,9,179,1,289,179
107.01,14,56,1,165,200
107.16,7,2176,1,166,4710
107.17,13,5616,1,311,1291
107.27,14,27923,1,165,200
107.54,12,17985,1,341,11558
107.57,9,381,1,289,179
107.9,9,381,1,289,179
107.97,9,4,1,289,179
108.3,14,135,1,165,200
108.43,14,19555,1,165,200
108.65,14,19555,1,165,200
108.86,3,463,1,384,631
108.97,14,36,1,165,200
108.97,14,399,1,165,200
109.52,5,445620,1,154,247118
109.77,1,10741,1,138,16877
109.88,14,19555,1,165,200
110.12,12,108901,1,341,11558
110.21,14,135,1,165,200
110.23,5,17632,1,154,247118
110.31,14,19555,1,165,200
110.74,5,292169,1,154,247118
110.76,5,17632,1,154,247118
110.79,5,445620,1,154,247118
110.93,14,59,1,165,200
111.07,12,17985,1,341,11558
111.14,9,4,1,289,179
111.27,9,62,1,289,179
111.28,14,19555,1,165,200
111.56,9,381,1,289,179
111.79,14,200,1,165,200
112.1,9,381,1,289,179
112.14,9,68,1,289,179
112.37,9,4,1,289,179
112.38,9,8555,1,289,179
112.51,14,200,1,165,200
112.74,9,68,1,289,179
113.03,7,530,1,166,4710
113.41,14,27923,1,165,200
113.65,9,8555,1,289,179
113.72,12,17985,1,341,11558
114.15,14,19555,1,165,200
114.22,12,11558,1,341,11558
114.29,2,28998,1,155,11631
114.39,14,27923,1,165,200
114.72,12,28,1,341,11558
115.07,9,4,1,289,179
115.3,5,31693,1,154,247118
115.31,14,59,1,165,200
115.36,12,11558,1,341,11558
115.43,10,7815,1,275,12795
115.46,14,59,1,165,200
115.48,14,135,1,165,200
115.48,5,45026,1,154,247118
115.65,9,68,1,289,179
115.7,7,312,1,166,4710
115.92,14,36,1,165,200
115.93,1,10741,1,138,16877
115.94,12,108901,1,341,11558
115.98,14,36,1,165,200
116.18,14,19555,1,165,200
116.19,9,8555,1,289,179
116.31,14,36,1,165,200
116.34,1,3749,1,138,16877
116.46,14,399,1,165,200
116.47,4,52718,1,255,88738
116.52,9,4,1,289,179
116.57,14,59,1,165,200
116.77,5,247118,1,154,247118
116.92,7,2176,1,166,4710
117.0,14,399,1,165,200
117.07,14,27923,1,165,200
117.13,12,108901,1,341,11558
117.33,13,1291,1,311,1291
117.4,12,11558,1,341,11558
117.45,7,312,1,166,4710
117.7,9,4,1,289,179
117.78,5,445620,1,154,247118
117.81,14,200,1,165,200
117.92,12,11558,1,341,11558
118.36,9,8555,1,289,179
118.47,9,62,1,289,179
118.51,14,56,1,165,200
118.77,5,445620,1,154,247118
118.89,12,10168,1,341,11558
118.98,9,179,1,289,179
119.0,12,6820,1,341,11558
119.12,1,19682,1,138,16877
119.16,14,56,1,165,200
119.16,14,27923,1,165,200
119.29,12,28,1,341,11558
119.34,13,1291,1,311,1291
120.0,14,59,1,165,200
120.13,13,1814,1,311,1291
120.27,5,31693,1,154,247118
120.49,12,92712,1,341,11558
120.68,12,6820,1,341,11558
120.7,9,4,1,289,179
120.86,14,56,1,165,200
121.03,14,59,1,165,200
121.23,14,399,1,165,200
121.35,9,62,1,289,179
121.42,1,48033,1,138,16877
121.52,14,19555,1,165,200
121.53,14,135,1,165,200
121.55,3,72,1,384,631
121.85,14,56,1,165,200
121.94,14,19555,1,165,200
121.96,9,3410,1,289,179
122.19,12,4361,1,341,11558
122.27,9,68,1,289,179
122.67,1,48033,1,138,16877
122.73,9,381,1,289,179
122.82,14,59,1,165,200
123.31,1,19682,1,138,16877
123.33,9,3410,1,289,179
123.41,9,3410,1,289,179
123.47,12,28,1,341,11558
123.47,14,56,1,165,200
123.5,9,179,1,289,179
123.64,9,3410,1,289,179
123.71,14,399,1,165,200
123.76,9,381,1,289,179
123.77,7,53941,1,166,4710
123.79,9,8555,1,289,179
124.05,5,31693,1,154,247118
124.14,5,31693,1,154,247118
124.22,9,3410,1,289,179
124.4,9,3410,1,289,179
124.94,14,135,1,165,200
124.95,9,381,1,289,179
125.15,12,28,1,341,11558
125.24,12,4361,1,341,11558
125.62,1,3400,1,138,16877
125.82,12,108901,1,341,11558
125.84,5,31693,1,154,247118
125.96,14,399,1,165,200
125.98,5,31693,1,154,247118
126.04,9,4,1,289,179
126.13,1,3400,1,138,16877
126.22,15,1834,1,222,1044
126.36,9,179,1,289,179
126.38,12,92712,1,341,11558
126.41,1,10741,1,138,16877
126.44,14,135,1,165,200
126.56,6,7230,1,420,621039
126.57,14,59,1,165,200
126.72,6,248303,1,420,621039
126.82,5,45026,1,154,247118
127.07,1,48033,1,138,16877
127.17,9,108,1,289,179
127.33,12,10168,1,341,11558
127.34,1,3400,1,138,16877
127.34,14,27923,1,165,200
127.56,9,381,1,289,179
127.65,9,4,1,289,179
127.77,9,4,1,289,179
127.88,9,68,1,289,179
127.91,12,17985,1,341,11558
128.26,5,445620,1,154,247118
128.36,5,247118,1,154,247118
128.38,14,36,1,165,200
128.42,14,200,1,165,200
128.77,9,4,1,289,179
128.84,9,8555,1,289,179
129.21,12,28,1,341,11558
129.61,9,8555,1,289,179
129.62,1,48033,1,138,16877
129.64,5,31693,1,154,247118
129.64,13,1077,1,311,1291
129.87,12,6820,1,341,11558
130.08,1,48033,1,138,16877
130.18,7,53941,1,166,4710
130.26,7,312,1,166,4710
130.4,12,17985,1,341,11558
130.6,1,10741,1,138,16877
130.99,1,19682,1,138,16877
131.24,14,399,1,165,200
131.33,5,292169,1,154,247118
131.37,12,10168,1,341,11558
131.53,7,14996,1,166,4710
131.65,1,10741,1,138,16877
131.78,7,4710,1,166,4710
132.16,14,27923,1,165,200
132.54,14,19555,1,165,200
132.77,14,36,1,165,200
132.8,9,62,1,289,179
132.8,12,17985,1,341,11558
132.87,6,7230,1,420,621039
133.27,9,179,1,289,179
133.39,14,59,1,165,200
134.03,1,3400,1,138,16877
134.3,1,10741,1,138,16877
134.52,6,7230,1,420,621039
134.59,1,3749,1,138,16877
134.84,5,445620,1,154,247118
134.96,12,108901,1,341,11558
135.17,9,62,1,289,179
135.42,14,27923,1,165,200
135.43,14,36,1,165,200
135.56,9,62,1,289,179
135.62,9,381,1,289,179
135.7,9,4,1,289,179
135.78,12,17985,1,341,11558
135.84,9,3410,1,289,179
136.06,12,92712,1,341,11558
136.25,9,62,1,289,179
137.24,12,28,1,341,11558
137.73,9,8555,1,289,179
137.74,9,4,1,289,179
137.99,14,19555,1,165,200
138.2,14,56,1,165,200
138.23,5,247118,1,154,247118
138.25,14,135,1,165,200
138.41,9,108,1,289,179
138.5,14,135,1,165,200
138.51,14,27923,1,165,200
138.51,9,4,1,289,179
138.58,1,48033,1,138,16877
138.6,9,3410,1,289,179
139.01,12,10168,1,341,11558
139.16,12,92712,1,341,11558
139.17,7,312,1,166,4710
139.39,5,445620,1,154,247118
139.4,14,200,1,165,200
139.4,14,27923,1,165,200
139.42,9,62,1,289,179
139.42,5,445620,1,154,247118
139.74,9,3410,1,289,179
139.75,1,3400,1,138,16877
139.76,14,36,1,165,200
139.8,2,2236,1,155,11631
139.92,12,108901,1,341,11558
140.0,9,3410,1,289,179
140.17,12,11558,1,341,11558
140.39,12,10168,1,341,11558
140.47,14,200,1,165,200
140.47,6,7230,1,420,621039
140.54,1,3400,1,138,16877
140.62,5,292169,1,154,247118
140.93,14,135,1,165,200
141.19,14,19555,1,165,200
141.21,12,4361,1,341,11558
141.44,12,17985,1,341,11558
141.47,12,28,1,341,11558
141.62,5,31693,1,154,247118
141.65,14,59,1,165,200
141.9,9,108,1,289,179
142.29,9,381,1,289,179
142.34,9,108,1,289,179
142.38,1,10741,1,138,16877
142.42,5,31693,1,154,247118
142.45,14,200,1,165,200
142.61,1,3248,1,138,16877
142.76,12,10168,1,341,11558
142.9,7,530,1,166,4710
143.12,9,8555,1,289,179
143.13,9,4,1,289,179
143.48,9,62,1,289,179
144.23,14,36,1,165,200
144.27,9,3410,1,289,179
144.29,12,28,1,341,11558
144.47,9,381,1,289,179
144.65,12,4361,1,341,11558
145.34,14,27923,1,165,200
145.56,14,56,1,165,200
145.8,7,53941,1,166,4710
145.88,1,3248,1,138,16877
146.05,9,108,1,289,179
146.2,12,108901,1,341,11558
146.27,1,3400,1,138,16877
146.32,9,3410,1,289,179
146.8,12,108901,1,341,11558
146.93,9,68,1,289,179
146.94,14,59,1,165,200
147.04,1,3248,1,138,16877
147.19,1,16877,1,138,16877
147.22,14,36,1,165,200
147.43,9,3410,1,289,179
147.74,13,144,1,311,1291
147.9,9,108,1,289,179
147.98,7,2176,1,166,4710
148.19,14,399,1,165,200
148.2,14,19555,1,165,200
148.4,13,1291,1,311,1291
148.59,9,8555,1,289,179
148.61,12,92712,1,341,11558
148.62,9,3410,1,289,179
148.78,1,16877,1,138,16877
148.81,14,19555,1,165,200
148.82,5,247118,1,154,247118
148.85,14,200,1,165,200
148.96,9,179,1,289,179
149.09,5,445620,1,154,247118
149.13,12,92712,1,341,11558
149.18,14,36,1,165,200
149.24,14,19555,1,165,200
149.96,14,36,1,165,200
150.04,12,17985,1,341,11558
150.06,13,468,1,311,1291
150.27,14,59,1,165,200
150.56,7,14996,1,166,4710
150.59,9,381,1,289,179
150.67,7,530,1,166,4710
150.93,14,36,1,165,200
151.17,14,200,1,165,200
151.24,1,48033,1,138,16877
151.25,13,463,1,311,1291
151.44,14,135,1,165,200
151.56,5,17632,1,154,247118
151.56,12,92712,1,341,11558
151.62,14,399,1,165,200
151.83,1,3749,1,138,16877
151.88,13,144,1,311,1291
151.97,9,381,1,289,179
152.38,14,27923,1,165,200
152.47,14,27923,1,165,200
152.57,14,36,1,165,200
152.63,9,3410,1,289,179
152.67,14,36,1,165,200
153.03,14,19555,1,165,200
153.38,9,4,1,289,179
153.4,14,135,1,165,200
153.48,1,3749,1,138,16877
153.58,12,28,1,341,11558
154.08,7,14996,1,166,4710
154.1,2,10780,1,155,11631
154.12,1,48033,1,138,16877
154.23,13,463,1,311,1291
154.23,9,4,1,289,179
154.26,14,19555,1,165,200
154.62,1,10741,1,138,16877
154.69,9,179,1,289,179
154.97,12,4361,1,341,11558
155.01,14,59,1,165,200
155.01,9,4,1,289,179
155.22,12,28,1,341,11558
155.32,14,135,1,165,200
155.33,12,108901,1,341,11558
155.55,7,530,1,166,4710
155.66,1,16877,1,138,16877
155.77,14,56,1,165,200
155.78,1,19682,1,138,16877
155.8,14,59,1,165,200
155.89,9,4,1,289,179
155.91,14,135,1,165,200
156.04,14,200,1,165,200
156.25,15,761,1,222,1044
156.37,9,62,1,289,179
156.44,14,19555,1,165,200
156.64,9,3410,1,289,179
156.72,9,68,1,289,179
156.82,12,10168,1,341,11558
156.88,14,399,1,165,200
157.2,14,399,1,165,200
157.31,14,19555,1,165,200
157.34,9,3410,1,289,179
157.56,9,108,1,289,179
157.81,14,27923,1,165,200
157.89,7,312,1,166,4710
157.89,1,10741,1,138,16877
157.9,9,179,1,289,179
157.98,9,68,1,289,179
158.02,9,62,1,289,179
158.13,7,53941,1,166,4710
158.24,1,19682,1,138,16877
158.26,1,48033,1,138,16877
158.35,14,135,1,165,200
158.93,9,179,1,289,179
159.03,9,8555,1,289,179
159.15,13,4963,1,311,1291
159.33,7,14996,1,166,4710
159.37,14,27923,1,165,200
159.39,14,399,1,165,200
159.74,1,3400,1,138,16877
159.92,9,381,1,289,179
160.11,14,27923,1,165,200
160.37,14,200,1,165,200
160.52,9,381,1,289,179
160.54,12,17985,1,341,11558
160.85,5,45026,1,154,247118
161.82,14,135,1,165,200
162.15,7,53941,1,166,4710
162.17,14,59,1,165,200
162.5,12,28,1,341,11558
162.68,12,11558,1,341,11558
162.69,9,4,1,289,179
162.95,7,312,1,166,4710
162.97,5,292169,1,154,247118
162.97,7,53941,1,166,4710
163.47,5,445620,1,154,247118
163.74,14,56,1,165,200
163.98,9,8555,1,289,179
164.11,1,48033,1,138,16877
164.29,14,56,1,165,200
164.37,14,399,1,165,200
164.43,14,19555,1,165,200
164.46,15,1044,1,222,1044
164.49,5,17632,1,154,247118
164.63,9,68,1,289,179
164.72,14,19555,1,165,200
165.0,13,144,1,311,1291
165.01,5,31693,1,154,247118
165.09,14,36,1,165,200
165.22,7,2176,1,166,4710
165.25,7,2176,1,166,4710
165.27,12,6820,1,341,11558
165.31,12,11558,1,341,11558
165.37,12,28,1,341,11558
165.47,1,10741,1,138,16877
166.26,14,200,1,165,200
166.36,9,3410,1,289,179
166.42,4,140810,1,255,88738
167.0,14,135,1,165,200
167.04,14,200,1,165,200
167.15,14,200,1,165,200
167.18,14,135,1,165,200
167.32,12,17985,1,341,11558
167.34,12,4361,1,341,11558
167.62,1,16877,1,138,16877
168.01,9,3410,1,289,179
168.02,9,381,1,289,179
168.05,9,4,1,289,179
168.76,14,399,1,165,200
168.96,9,108,1,289,179
169.01,1,19682,1,138,16877
169.08,7,530,1,166,4710
169.13,13,1077,1,311,1291
169.2,1,3749,1,138,16877
169.71,14,36,1,165,200
169.74,9,3410,1,289,179
169.83,9,68,1,289,179
169.83,12,17985,1,341,11558
169.84,14,200,1,165,200
169.86,9,381,1,289,179
170.43,12,108901,1,341,11558
170.7,12,92712,1,341,11558
170.71,9,3410,1,289,179
170.86,14,27923,1,165,200
171.22,14,200,1,165,200
171.41,12,6820,1,341,11558
171.45,14,59,1,165,200
171.48,14,200,1,165,200
171.55,13,463,1,311,1291
171.57,14,27923,1,165,200
171.68,13,144,1,311,1291
171.75,13,1077,1,311,1291
171.8,12,108901,1,341,11558
172.0,14,59,1,165,200
172.11,5,17632,1,154,247118
172.13,14,135,1,165,200
172.25,14,399,1,165,200
172.36,1,10741,1,138,16877
172.37,14,59,1,165,200
172.47,4,52718,1,255,88738
172.49,9,62,1,289,179
172.49,14,36,1,165,200
172.78,5,292169,1,154,247118
172.86,14,36,1,165,200
172.9,14,200,1,165,200
172.91,9,62,1,289,179
173.32,1,3248,1,138,16877
173.53,9,179,1,289,179
173.63,12,17985,1,341,11558
173.87,14,19555,1,165,200
174.24,12,10168,1,341,11558
174.26,9,4,1,289,179
174.38,12,11558,1,341,11558
174.52,12,4361,1,341,11558
174.54,14,27923,1,165,200
174.55,1,10741,1,138,16877
175.25,14,36,1,165,200
175.36,12,4361,1,341,11558
175.37,14,19555,1,165,200
175.74,9,108,1,289,179
175.75,12,6820,1,341,11558
176.02,14,56,1,165,200
176.29,1,3749,1,138,16877
176.57,14,399,1,165,200
176.81,13,144,1,311,1291
176.83,1,48033,1,138,16877
176.89,9,179,1,289,179
176.9,13,144,1,311,1291
177.5,1,3400,1,138,16877
177.5,12,6820,1,341,11558
177.65,9,8555,1,289,179
177.97,12,6820,1,341,11558
178.15,1,10741,1,138,16877
178.17,14,36,1,165,200
178.29,14,36,1,165,200
178.57,14,56,1,165,200
178.68,14,27923,1,165,200
178.83,4,52718,1,255,88738
179.2,14,56,1,165,200
179.28,1,3400,1,138,16877
179.34,1,19682,1,138,16877
179.38,9,68,1,289,179
179.38,9,62,1,289,179
179.54,14,59,1,165,200
179.57,13,463,1,311,1291
179.71,9,8555,1,289,179
180.03,9,179,1,289,179
180.04,15,4178,1,222,1044
180.11,9,8555,1,289,179
180.16,9,62,1,289,179
180.17,5,445620,1,154,247118
180.2,14,27923,1,165,200
180.22,13,5616,1,311,1291
180.6,7,530,1,166,4710
180.65,1,48033,1,138,16877
180.7,13,1291,1,311,1291
180.76,12,28,1,341,11558
181.0,9,68,1,289,179
181.01,14,19555,1,165,200
181.04,5,45026,1,154,247118
181.16,9,179,1,289,179
181.45,14,19555,1,165,200
181.71,9,8555,1,289,179
181.73,12,28,1,341,11558
182.14,9,62,1,289,179
182.18,9,381,1,289,179
182.44,14,36,1,165,200
182.44,9,179,1,289,179
182.53,14,399,1,165,200
183.45,7,530,1,166,4710
183.7,6,284,1,420,621039
183.83,1,10741,1,138,16877
183.88,12,6820,1,341,11558
183.96,9,68,1,289,179
183.98,14,200,1,165,200
184.0,9,3410,1,289,179
184.25,14,56,1,165,200
184.27,5,31693,1,154,247118
184.53,14,59,1,165,200
184.69,14,36,1,165,200
184.69,14,56,1,165,200
184.93,14,135,1,165,200
185.21,14,135,1,165,200
185.36,12,4361,1,341,11558
185.42,4,52718,1,255,88738
185.51,1,3749,1,138,16877
185.53,14,200,1,165,200
185.74,12,6820,1,341,11558
185.88,14,200,1,165,200
185.97,9,8555,1,289,179
186.29,2,10780,1,155,11631
186.54,3,631,1,384,631
186.6,13,468,1,311,1291
186.75,9,62,1,289,179
186.99,5,247118,1,154,247118
187.07,9,68,1,289,179
187.07,1,10741,1,138,16877
187.16,12,17985,1,341,11558
187.31,9,8555,1,289,179
187.51,14,200,1,165,200
187.58,9,108,1,289,179
187.63,9,108,1,289,179
187.78,1,3248,1,138,16877
187.92,1,19682,1,138,16877
187.95,9,179,1,289,179
188.0,9,68,1,289,179
188.17,12,11558,1,341,11558
188.29,9,179,1,289,179
188.41,13,1814,1,311,1291
188.49,14,19555,1,165,200
188.57,14,135,1,165,200
188.76,1,10741,1,138,16877
188.76,9,108,1,289,179
188.88,1,10741,1,138,16877
188.92,7,14996,1,166,4710
189.35,14,59,1,165,200
189.72,5,31693,1,154,247118
189.77,9,4,1,289,179
189.79,12,92712,1,341,11558
189.88,13,4963,1,311,1291
189.97,12,108901,1,341,11558
190.04,1,10741,1,138,16877
190.17,9,8555,1,289,179
190.29,9,108,1,289,179
190.29,1,3248,1,138,16877
190.9,9,108,1,289,179
191.01,1,3400,1,138,16877
191.48,1,48033,1,138,16877
191.63,9,179,1,289,179
191.67,5,17632,1,154,247118
191.72,12,92712,1,341,11558
191.77,13,468,1,311,1291
191.86,14,19555,1,165,200
191.86,5,17632,1,154,247118
191.86,5,31693,1,154,247118
192.15,1,19682,1,138,16877
192.28,12,6820,1,341,11558
192.37,13,1291,1,311,1291
192.62,1,10741,1,138,16877
192.68,14,36,1,165,200
193.29,1,3749,1,138,16877
193.33,12,28,1,341,11558
193.55,13,1291,1,311,1291
193.75,14,36,1,165,200
194.09,13,5616,1,311,1291
194.18,14,19555,1,165,200
194.32,9,3410,1,289,179
194.68,14,59,1,165,200
194.73,1,3400,1,138,16877
194.99,14,399,1,165,200
195.01,12,6820,1,341,11558
195.14,14,36,1,165,200
195.19,9,179,1,289,179
195.34,12,92712,1,341,11558
195.39,9,108,1,289,179
195.55,14,135,1,165,200
195.58,1,16877,1,138,16877
195.73,1,3248,1,138,16877
195.74,7,14996,1,166,4710
196.03,5,445620,1,154,247118
196.07,14,200,1,165,200
196.09,7,312,1,166,4710
196.17,14,59,1,165,200
196.35,9,381,1,289,179
196.4,5,445620,1,154,247118
196.46,14,27923,1,165,200
196.61,12,4361,1,341,11558
197.05,9,4,1,289,179
197.21,12,108901,1,341,11558
197.32,14,135,1,165,200
197.32,7,2176,1,166,4710
197.54,15,4178,1,222,1044
197.6,14,399,1,165,200
197.6,12,108901,1,341,11558
197.77,5,31693,1,154,247118
197.87,13,144,1,311,1291
197.92,1,3400,1,138,16877
198.2,1,48033,1,138,16877
198.21,7,530,1,166,4710
198.53,9,62,1,289,179
198.69,14,59,1,165,200
198.78,14,135,1,165,200
199.13,14,59,1,165,200
200.06,9,4,1,289,179
200.13,9,381,1,289,179
200.35,9,381,1,289,179
200.6,14,36,1,165,200
200.63,1,3248,1,138,16877
200.82,14,36,1,165,200
200.86,12,11558,1,341,11558
201.02,9,8555,1,289,179
201.55,14,19555,1,165,200
201.56,9,68,1,289,179
201.67,14,27923,1,165,200
201.73,14,36,1,165,200
201.76,9,381,1,289,179
201.94,9,62,1,289,179
202.36,12,4361,1,341,11558
202.87,14,200,1,165,200
202.94,6,1301142,1,420,621039
203.1,12,108901,1,341,11558
203.17,12,108901,1,341,11558
203.52,14,59,1,165,200
203.52,4,52718,1,255,88738
203.58,13,4963,1,311,1291
203.75,14,59,1,165,200
204.09,5,292169,1,154,247118
204.21,7,14996,1,166,4710
204.23,14,27923,1,165,200
204.54,5,445620,1,154,247118
204.8,14,27923,1,165,200
204.83,9,179,1,289,179
204.97,7,530,1,166,4710
205.02,14,59,1,165,200
205.03,9,8555,1,289,179
205.05,9,8555,1,289,179
205.09,9,4,1,289,179
205.12,12,108901,1,341,11558
205.16,5,31693,1,154,247118
205.22,9,381,1,289,179
205.31,14,36,1,165,200
205.31,8,1316,1,321,12002
205.47,12,6820,1,341,11558
205.55,9,62,1,289,179
205.55,14,135,1,165,200
205.59,4,140810,1,255,88738
205.72,14,399,1,165,200
205.81,9,62,1,289,179
206.28,7,530,1,166,4710
206.29,1,48033,1,138,16877
206.32,5,31693,1,154,247118
206.51,9,8555,1,289,179
206.86,9,8555,1,289,179
206.94,14,56,1,165,200
207.01,9,68,1,289,179
207.23,7,14996,1,166,4710
207.39,12,92712,1,341,11558
207.45,13,5616,1,311,1291
207.5,5,17632,1,154,247118
207.95,5,247118,1,154,247118
208.04,1,3749,1,138,16877
208.1,14,59,1,165,200
208.31,12,4361,1,341,11558
208.38,9,8555,1,289,179
208.45,14,36,1,165,200
208.61,14,56,1,165,200
208.64,12,92712,1,341,11558
208.91,14,27923,1,165,200
208.91,6,1008143,1,420,621039
208.96,1,3400,1,138,16877
209.01,9,68,1,289,179
209.08,1,48033,1,138,16877
209.08,9,4,1,289,179
209.22,14,399,1,165,200
209.44,1,3749,1,138,16877
209.47,2,15248,1,155,11631
209.5,9,68,1,289,179
209.51,14,59,1,165,200
209.61,9,68,1,289,179
209.67,9,8555,1,289,179
209.69,1,16877,1,138,16877
210.0,5,45026,1,154,247118
210.13,14,36,1,165,200
210.25,14,19555,1,165,200
210.3,1,16877,1,138,16877
210.31,14,135,1,165,200
210.36,12,17985,1,341,11558
210.78,14,135,1,165,200
210.86,9,8555,1,289,179
210.88,9,8555,1,289,179
210.9,9,8555,1,289,179
210.96,12,10168,1,341,11558
211.05,5,247118,1,154,247118
211.19,1,3248,1,138,16877
211.2,9,62,1,289,179
211.81,13,1077,1,311,1291
211.81,5,445620,1,154,247118
211.99,12,4361,1,341,11558
212.06,14,56,1,165,200
212.42,1,3749,1,138,16877
212.54,12,4361,1,341,11558
212.64,9,381,1,289,179
212.69,14,399,1,165,200
213.1,5,31693,1,154,247118
213.3,13,144,1,311,1291
213.32,14,19555,1,165,200
213.35,14,36,1,165,200
213.37,13,1814,1,311,1291
213.43,9,3410,1,289,179
213.59,12,6820,1,341,11558
213.81,14,36,1,165,200
213.82,12,92712,1,341,11558
213.95,1,48033,1,138,16877
213.96,14,135,1,165,200
214.09,13,144,1,311,1291
214.19,12,6820,1,341,11558
214.2,7,53941,1,166,4710
214.23,12,17985,1,341,11558
214.56,9,8555,1,289,179
214.72,12,10168,1,341,11558
214.82,1,3400,1,138,16877
214.89,12,4361,1,341,11558
214.94,15,464,1,222,1044
215.0,1,19682,1,138,16877
215.04,14,27923,1,165,200
215.38,9,3410,1,289,179
215.43,14,59,1,165,200
215.48,14,56,1,165,200
215.51,12,28,1,341,11558
215.56,14,56,1,165,200
215.66,14,19555,1,165,200
216.16,9,179,1,289,179
216.19,9,381,1,289,179
216.22,12,11558,1,341,11558
216.28,14,56,1,165,200
216.32,14,27923,1,165,200
216.58,14,19555,1,165,200
216.99,9,62,1,289,179
217.09,14,200,1,165,200
217.13,2,28998,1,155,11631
217.3,12,17985,1,341,11558
217.58,1,19682,1,138,16877
217.58,9,62,1,289,179
217.73,9,381,1,289,179
217.77,9,108,1,289,179
217.8,13,4963,1,311,1291
217.94,9,8555,1,289,179
218.12,9,3410,1,289,179
218.62,7,14996,1,166,4710
218.62,9,3410,1,289,179
218.86,7,4710,1,166,4710
219.43,1,3749,1,138,16877
219.8,12,11558,1,341,11558
219.86,12,28,1,341,11558
220.26,12,10168,1,341,11558
220.42,9,68,1,289,179
220.7,9,62,1,289,179
220.76,14,19555,1,165,200
220.9,9,8555,1,289,179
220.95,9,4,1,289,179
221.0,1,3248,1,138,16877
221.02,9,8555,1,289,179
221.34,9,108,1,289,179
221.41,9,68,1,289,179
221.93,12,28,1,341,11558
222.27,10,29781,1,275,12795
222.45,12,6820,1,341,11558
222.51,14,59,1,165,200
222.55,14,399,1,165,200
222.56,13,144,1,311,1291
222.59,14,59,1,165,200
222.6,1,10741,1,138,16877
222.68,5,17632,1,154,247118
223.11,1,10741,1,138,16877
223.24,12,10168,1,341,11558
223.25,14,59,1,165,200
223.35,7,530,1,166,4710
223.75,14,399,1,165,200
223.77,1,48033,1,138,16877
223.8,14,19555,1,165,200
223.87,9,381,1,289,179
223.91,1,3248,1,138,16877
224.09,9,381,1,289,179
224.17,7,530,1,166,4710
224.21,9,8555,1,289,179
224.21,9,4,1,289,179
224.34,14,27923,1,165,200
224.46,12,10168,1,341,11558
224.58,9,381,1,289,179
224.66,12,17985,1,341,11558
224.87,13,4963,1,311,1291
224.91,9,381,1,289,179
225.15,9,68,1,289,179
225.31,2,10780,1,155,11631
225.61,5,292169,1,154,247118
225.8,13,1291,1,311,1291
225.85,5,247118,1,154,247118
225.87,9,8555,1,289,179
226.0,13,1077,1,311,1291
226.02,1,19682,1,138,16877
226.07,12,92712,1,341,11558
226.21,7,530,1,166,4710
226.28,14,19555,1,165,200
226.67,9,62,1,289,179
226.77,14,36,1,165,200
226.84,12,28,1,341,11558
227.27,1,48033,1,138,16877
227.28,12,17985,1,341,11558
227.41,14,27923,1,165,200
227.59,12,92712,1,341,11558
227.78,14,36,1,165,200
227.83,14,59,1,165,200
227.93,7,530,1,166,4710
227.96,6,248303,1,420,621039
228.44,12,108901,1,341,11558
228.46,9,3410,1,289,179
228.57,14,399,1,165,200
228.92,14,399,1,165,200
229.26,9,8555,1,289,179
229.57,7,4710,1,166,4710
229.59,14,56,1,165,200
229.67,9,8555,1,289,179
229.71,14,27923,1,165,200
229.73,9,62,1,289,179
229.88,12,4361,1,341,11558
230.46,1,48033,1,138,16877
230.57,12,28,1,341,11558
230.76,9,68,1,289,179
231.05,12,92712,1,341,11558
231.07,5,445620,1,154,247118
231.21,14,135,1,165,200
231.39,14,36,1,165,200
231.94,7,53941,1,166,4710
231.97,1,3749,1,138,16877
232.08,1,48033,1,138,16877
232.5,12,108901,1,341,11558
232.71,12,4361,1,341,11558
232.71,12,6820,1,341,11558
232.79,7,312,1,166,4710
233.72,9,3410,1,289,179
233.75,12,108901,1,341,11558
233.9,9,62,1,289,179
233.98,14,19555,1,165,200
234.21,5,17632,1,154,247118
234.37,13,1077,1,311,1291
234.46,9,62,1,289,179
234.5,9,68,1,289,179
234.57,13,144,1,311,1291
234.62,13,5616,1,311,1291
234.73,15,1044,1,222,1044
234.76,4,52718,1,255,88738
235.08,1,48033,1,138,16877
235.35,14,59,1,165,200
235.4,12,4361,1,341,11558
235.8,9,3410,1,289,179
236.03,1,19682,1,138,16877
236.12,1,3749,1,138,16877
236.23,14,36,1,165,200
236.42,5,247118,1,154,247118
236.46,9,108,1,289,179
236.61,7,4710,1,166,4710
236.87,9,4,1,289,179
237.2,1,3400,1,138,16877
237.25,9,4,1,289,179
237.28,1,19682,1,138,16877
237.31,14,399,1,165,200
237.41,7,14996,1,166,4710
237.53,12,6820,1,341,11558
237.72,14,56,1,165,200
237.87,12,92712,1,341,11558
237.9,10,21300,1,275,12795
238.15,9,3410,1,289,179
238.27,9,108,1,289,179
238.65,12,10168,1,341,11558
238.65,15,4178,1,222,1044
238.65,12,108901,1,341,11558
238.97,12,28,1,341,11558
239.66,14,399,1,165,200
240.42,9,68,1,289,179
240.46,1,48033,1,138,16877
240.55,12,10168,1,341,11558
240.83,14,200,1,165,200
241.53,5,31693,1,154,247118
241.68,13,1291,1,311,1291
241.78,5,445620,1,154,247118
241.88,12,108901,1,341,11558
242.01,1,10741,1,138,16877
242.5,9,108,1,289,179
242.65,14,36,1,165,200
242.68,9,4,1,289,179
242.71,12,17985,1,341,11558
242.85,14,19555,1,165,200
242.97,14,56,1,165,200
243.12,7,14996,1,166,4710
243.16,9,8555,1,289,179
243.2,5,17632,1,154,247118
243.35,15,464,1,222,1044
243.36,14,56,1,165,200
243.42,12,6820,1,341,11558
243.44,14,27923,1,165,200
243.5,9,381,1,289,179
243.7,12,28,1,341,11558
243.79,1,3400,1,138,16877
243.82,14,27923,1,165,200
243.84,4,110772,1,255,88738
244.0,14,135,1,165,200
244.5,14,399,1,165,200
244.53,13,4963,1,311,1291
244.72,1,16877,1,138,16877
245.07,9,108,1,289,179
245.13,9,68,1,289,179
245.21,9,108,1,289,179
245.4,1,19682,1,138,16877
245.54,14,27923,1,165,200
245.95,12,10168,1,341,11558
246.09,9,179,1,289,179
246.31,9,3410,1,289,179
246.59,9,381,1,289,179
246.89,12,11558,1,341,11558
247.1,9,108,1,289,179
247.69,14,200,1,165,200
247.73,9,108,1,289,179
247.74,15,464,1,222,1044
247.77,14,135,1,165,200
247.82,6,284,1,420,621039
248.28,14,200,1,165,200
248.68,2,28998,1,155,11631
248.8,14,19555,1,165,200
248.81,9,179,1,289,179
248.82,14,59,1,165,200
248.92,14,19555,1,165,200
249.27,14,19555,1,165,200
249.46,14,59,1,165,200
249.52,9,4,1,289,179
249.52,1,16877,1,138,16877
249.57,9,3410,1,289,179
249.6,5,247118,1,154,247118
249.64,13,4963,1,311,1291
249.83,9,68,1,289,179
250.04,14,59,1,165,200
250.19,12,10168,1,341,11558
250.57,14,399,1,165,200
250.69,4,88738,1,255,88738
251.31,14,200,1,165,200
251.71,14,19555,1,165,200
251.96,9,108,1,289,179
252.0,12,108901,1,341,11558
252.42,14,200,1,165,200
252.5,5,445620,1,154,247118
252.64,9,4,1,289,179
252.94,9,68,1,289,179
252.98,5,31693,1,154,247118
253.07,9,381,1,289,179
253.34,1,3749,1,138,16877
253.63,1,3400,1,138,16877
253.74,5,17632,1,154,247118
253.78,14,36,1,165,200
253.96,12,10168,1,341,11558
253.99,14,56,1,165,200
254.09,9,179,1,289,179
254.17,9,381,1,289,179
254.51,9,4,1,289,179
254.53,9,62,1,289,179
254.74,1,3400,1,138,16877
254.78,12,92712,1,341,11558
255.05,7,312,1,166,4710
255.48,12,108901,1,341,11558
255.59,12,92712,1,341,11558
255.81,5,45026,1,154,247118
255.88,1,3400,1,138,16877
256.04,14,59,1,165,200
256.22,9,62,1,289,179
256.57,1,16877,1,138,16877
256.68,15,192,1,222,1044
256.91,1,48033,1,138,16877
256.94,13,1291,1,311,1291
257.15,14,135,1,165,200
257.25,7,14996,1,166,4710
257.36,5,31693,1,154,247118
257.52,2,2236,1,155,11631
257.6,9,62,1,289,179
257.68,1,3749,1,138,16877
257.91,13,463,1,311,1291
258.13,1,10741,1,138,16877
258.15,9,381,1,289,179
258.75,15,4178,1,222,1044
258.9,14,27923,1,165,200
258.93,12,28,1,341,11558
258.94,9,108,1,289,179
259.21,12,10168,1,341,11558
259.49,9,381,1,289,179
260.36,9,108,1,289,179
260.65,4,68906,1,255,88738
260.68,14,56,1,165,200
260.9,9,3410,1,289,179
261.06,5,247118,1,154,247118
261.08,9,62,1,289,179
261.27,9,8555,1,289,179
261.44,14,399,1,165,200
261.49,14,59,1,165,200
261.94,14,399,1,165,200
262.26,1,19682,1,138,16877
262.45,9,381,1,289,179
262.86,9,381,1,289,179
262.9,1,10741,1,138,16877
262.92,9,381,1,289,179
263.0,14,59,1,165,200
263.02,5,292169,1,154,247118
263.12,12,4361,1,341,11558
263.5,7,2176,1,166,4710
263.63,1,48033,1,138,16877
263.7,7,530,1,166,4710
263.74,14,27923,1,165,200
264.07,14,135,1,165,200
264.2,14,56,1,165,200
264.26,9,8555,1,289,179
264.41,1,3248,1,138,16877
264.52,12,11558,1,341,11558
264.52,9,179,1,289,179
264.73,14,135,1,165,200
264.78,1,3248,1,138,16877
264.8,9,68,1,289,179
265.68,5,17632,1,154,247118
265.73,9,3410,1,289,179
265.85,14,135,1,165,200
265.89,9,4,1,289,179
266.1,9,68,1,289,179
266.17,9,108,1,289,179
266.36,9,179,1,289,179
266.42,14,399,1,165,200
266.49,14,36,1,165,200
266.53,14,200,1,165,200
266.6,14,200,1,165,200
266.62,9,62,1,289,179
266.64,13,468,1,311,1291
266.67,9,3410,1,289,179
266.69,7,14996,1,166,4710
266.92,14,36,1,165,200
266.94,1,16877,1,138,16877
267.09,14,200,1,165,200
267.14,9,3410,1,289,179
267.19,12,6820,1,341,11558
267.34,12,17985,1,341,11558
267.5,14,27923,1,165,200
267.5,12,17985,1,341,11558
267.58,12,92712,1,341,11558
267.66,1,16877,1,138,16877
267.68,9,179,1,289,179
267.68,5,247118,1,154,247118
267.69,14,200,1,165,200
267.72,9,8555,1,289,179
267.72,13,463,1,311,1291
268.69,1,3400,1,138,16877
268.84,1,48033,1,138,16877
269.27,13,1814,1,311,1291
269.31,1,10741,1,138,16877
269.86,1,48033,1,138,16877
270.25,1,48033,1,138,16877
270.25,14,36,1,165,200
270.33,14,59,1,165,200
270.36,9,108,1,289,179
270.48,9,62,1,289,179
270.57,9,62,1,289,179
270.59,14,56,1,165,200
270.81,12,10168,1,341,11558
270.99,5,445620,1,154,247118
271.07,5,31693,1,154,247118
271.19,1,10741,1,138,16877
271.22,12,4361,1,341,11558
271.33,14,200,1,165,200
271.45,9,8555,1,289,179
271.47,1,16877,1,138,16877
271.56,1,3248,1,138,16877
271.89,14,27923,1,165,200
271.91,9,62,1,289,179
272.0,14,19555,1,165,200
272.51,12,28,1,341,11558
272.65,9,108,1,289,179
272.66,6,284,1,420,621039
272.8,2,9753,1,155,11631
272.8,12,10168,1,341,11558
272.83,14,19555,1,165,200
272.87,12,10168,1,341,11558
272.92,9,179,1,289,179
273.45,1,10741,1,138,16877
273.5,14,135,1,165,200
273.59,14,36,1,165,200
273.76,9,3410,1,289,179
274.03,14,399,1,165,200
274.38,12,10168,1,341,11558
274.67,12,6820,1,341,11558
274.76,14,399,1,165,200
274.83,14,200,1,165,200
275.2,12,92712,1,341,11558
275.3,4,140810,1,255,88738
275.38,9,8555,1,289,179
275.42,14,200,1,165,200
275.43,7,2176,1,166,4710
275.56,9,4,1,289,179
275.58,9,381,1,289,179
275.77,9,8555,1,289,179
275.88,12,11558,1,341,11558
275.94,14,200,1,165,200
276.34,7,530,1,166,4710
276.37,2,10780,1,155,11631
276.55,5,445620,1,154,247118
276.72,14,399,1,165,200
276.89,12,11558,1,341,11558
276.92,9,3410,1,289,179
276.92,14,200,1,165,200
276.98,14,200,1,165,200
277.0,14,200,1,165,200
277.74,14,27923,1,165,200
277.92,7,312,1,166,4710
278.13,14,56,1,165,200
278.24,9,68,1,289,179
278.26,14,19555,1,165,200
278.72,14,36,1,165,200
278.72,14,59,1,165,200
278.82,12,11558,1,341,11558
278.83,5,445620,1,154,247118
278.9,12,6820,1,341,11558
278.96,14,135,1,165,200
279.08,14,135,1,165,200
279.16,1,3400,1,138,16877
279.18,5,31693,1,154,247118
279.18,4,52718,1,255,88738
279.46,14,36,1,165,200
279.51,14,36,1,165,200
279.56,6,621039,1,420,621039
279.72,9,4,1,289,179
279.99,14,56,1,165,200
280.57,14,36,1,165,200
280.71,12,11558,1,341,11558
280.71,12,10168,1,341,11558
280.8,9,4,1,289,179
280.83,9,4,1,289,179
280.87,12,4361,1,341,11558
281.25,13,468,1,311,1291
281.29,14,135,1,165,200
281.88,12,108901,1,341,11558
282.23,14,59,1,165,200
282.31,5,445620,1,154,247118
282.41,9,179,1,289,179
282.46,1,16877,1,138,16877
282.65,7,530,1,166,4710
282.9,14,56,1,165,200
283.04,15,1834,1,222,1044
283.41,1,48033,1,138,16877
283.66,9,62,1,289,179
283.67,14,399,1,165,200
283.94,6,1008143,1,420,621039
284.03,12,4361,1,341,11558
284.59,14,399,1,165,200
284.68,12,17985,1,341,11558
284.74,5,292169,1,154,247118
284.74,9,108,1,289,179
284.84,14,200,1,165,200
284.86,12,17985,1,341,11558
284.86,1,16877,1,138,16877
284.97,14,19555,1,165,200
285.14,1,16877,1,138,16877
285.16,14,19555,1,165,200
285.18,5,45026,1,154,247118
285.18,14,200,1,165,200
285.19,9,68,1,289,179
285.57,9,4,1,289,179
285.57,5,45026,1,154,247118
286.08,9,4,1,289,179
286.1,14,59,1,165,200
286.31,15,464,1,222,1044
286.53,9,62,1,289,179
286.66,9,381,1,289,179
286.69,14,27923,1,165,200
286.71,14,56,1,165,200
287.15,12,10168,1,341,11558
287.17,9,62,1,289,179
287.32,9,108,1,289,179
287.42,13,1077,1,311,1291
287.43,1,3248,1,138,16877
287.5,12,4361,1,341,11558
287.63,9,179,1,289,179
287.68,14,19555,1,165,200
287.7,1,3400,1,138,16877
287.92,12,4361,1,341,11558
287.92,9,62,1,289,179
288.04,12,17985,1,341,11558
288.05,1,16877,1,138,16877
288.18,12,11558,1,341,11558
288.34,12,10168,1,341,11558
288.36,12,11558,1,341,11558
288.46,12,10168,1,341,11558
288.84,12,92712,1,341,11558
288.99,14,36,1,165,200
289.0,9,108,1,289,179
289.08,14,56,1,165,200
289.13,9,68,1,289,179
289.19,1,48033,1,138,16877
289.2,1,3749,1,138,16877
289.29,9,381,1,289,179
289.45,14,56,1,165,200
289.5,13,5616,1,311,1291
290.26,14,135,1,165,200
290.33,9,62,1,289,179
290.43,9,8555,1,289,179
290.56,5,292169,1,154,247118
290.73,9,179,1,289,179
290.73,9,108,1,289,179
290.93,1,48033,1,138,16877
290.95,7,530,1,166,4710
290.97,12,11558,1,341,11558
291.18,14,27923,1,165,200
291.21,15,1834,1,222,1044
291.24,14,200,1,165,200
291.3,12,10168,1,341,11558
291.31,9,381,1,289,179
291.34,12,17985,1,341,11558
291.36,14,399,1,165,200
291.61,2,28998,1,155,11631
291.67,9,4,1,289,179
291.79,14,399,1,165,200
292.47,9,4,1,289,179
292.62,12,11558,1,341,11558
292.75,12,92712,1,341,11558
292.79,5,17632,1,154,247118
292.82,9,179,1,289,179
292.97,9,4,1,289,179
293.01,1,16877,1,138,16877
293.18,1,16877,1,138,16877
293.37,14,27923,1,165,200
293.54,9,3410,1,289,179
293.55,9,381,1,289,179
293.71,9,3410,1,289,179
293.72,14,19555,1,165,200
293.74,9,381,1,289,179
293.95,9,179,1,289,179
294.41,14,399,1,165,200
294.46,14,200,1,165,200
294.47,5,292169,1,154,247118
294.57,14,27923,1,165,200
294.69,9,68,1,289,179
294.85,9,4,1,289,179
295.04,5,445620,1,154,247118
295.05,1,16877,1,138,16877
295.06,14,56,1,165,200
295.28,9,381,1,289,179
295.47,9,381,1,289,179
295.62,14,135,1,165,200
295.67,14,56,1,165,200
295.74,5,31693,1,154,247118
295.76,12,108901,1,341,11558
295.97,5,445620,1,154,247118
296.07,14,59,1,165,200
296.32,12,28,1,341,11558
296.38,14,59,1,165,200
296.38,1,3248,1,138,16877
296.45,1,16877,1,138,16877
296.5,9,3410,1,289,179
296.8,9,68,1,289,179
297.06,7,2176,1,166,4710
297.2,14,36,1,165,200
297.69,7,530,1,166,4710
298.0,9,3410,1,289,179
298.0,14,135,1,165,200
298.21,9,3410,1,289,179
298.57,14,56,1,165,200
298.6,1,19682,1,138,16877
298.91,9,179,1,289,179
299.18,1,48033,1,138,16877
299.21,1,48033,1,138,16877
299.27,14,200,1,165,200
299.34,5,445620,1,154,247118
299.43,10,7815,1,275,12795
299.98,9,3410,1,289,179
300.17,9,3410,1,289,179
300.26,14,59,1,165,200
300.39,1,19682,1,138,16877
300.48,12,4361,1,341,11558
300.55,14,135,1,165,200
301.32,12,17985,1,341,11558
301.4,14,36,1,165,200
301.75,1,3749,1,138,16877
301.95,9,381,1,289,179
302.05,9,4,1,289,179
302.08,14,56,1,165,200
302.22,14,19555,1,165,200
302.3,7,4710,1,166,4710
302.42,12,17985,1,341,11558
302.61,5,292169,1,154,247118
303.08,12,28,1,341,11558
303.1,9,8555,1,289,179
303.21,14,36,1,165,200
303.29,12,11558,1,341,11558
303.58,9,4,1,289,179
303.83,1,3248,1,138,16877
304.19,5,292169,1,154,247118
304.33,7,4710,1,166,4710
304.5,7,4710,1,166,4710
304.51,14,19555,1,165,200
304.54,12,17985,1,341,11558
304.81,9,3410,1,289,179
304.84,1,3400,1,138,16877
304.98,14,27923,1,165,200
304.99,14,27923,1,165,200
305.06,1,3400,1,138,16877
305.08,13,5616,1,311,1291
305.29,12,108901,1,341,11558
305.29,1,19682,1,138,16877
305.48,9,4,1,289,179
305.58,9,68,1,289,179
305.6,5,31693,1,154,247118
305.65,14,56,1,165,200
305.81,14,399,1,165,200
305.85,12,92712,1,341,11558
306.15,9,381,1,289,179
306.18,9,68,1,289,179
306.3,12,6820,1,341,11558
306.73,12,108901,1,341,11558
307.07,1,16877,1,138,16877
307.16,9,8555,1,289,179
307.25,14,399,1,165,200
307.35,9,62,1,289,179
307.66,1,48033,1,138,16877
307.7,14,27923,1,165,200
307.75,5,445620,1,154,247118
308.3,8,42480,1,321,12002
308.4,5,445620,1,154,247118
308.5,9,108,1,289,179
308.6,14,135,1,165,200
308.64,9,8555,1,289,179
308.7,6,284,1,420,621039
308.78,14,56,1,165,200
308.81,14,27923,1,165,200
308.98,14,135,1,165,200
309.18,7,53941,1,166,4710
309.38,9,62,1,289,179
309.97,14,399,1,165,200
310.0,14,56,1,165,200
310.18,1,10741,1,138,16877
310.32,1,48033,1,138,16877
310.32,9,62,1,289,179
310.35,14,59,1,165,200
310.41,12,28,1,341,11558
310.57,9,179,1,289,179
310.67,1,48033,1,138,16877
310.76,12,10168,1,341,11558
310.82,14,399,1,165,200
310.97,9,179,1,289,179
310.99,14,36,1,165,200
311.44,14,19555,1,165,200
311.63,6,1301142,1,420,621039
311.85,9,3410,1,289,179
311.94,9,68,1,289,179
312.1,14,59,1,165,200
312.17,12,6820,1,341,11558
312.22,12,6820,1,341,11558
312.61,14,135,1,165,200
312.64,9,3410,1,289,179
312.65,14,135,1,165,200
312.76,10,7815,1,275,12795
312.93,5,292169,1,154,247118
312.95,13,463,1,311,1291
313.03,14,399,1,165,200
313.08,9,4,1,289,179
313.14,14,27923,1,165,200
313.18,14,56,1,165,200
313.32,9,4,1,289,179
313.38,14,27923,1,165,200
313.95,5,17632,1,154,247118
314.02,5,17632,1,154,247118
314.14,5,31693,1,154,247118
314.22,14,200,1,165,200
314.24,12,11558,1,341,11558
314.4,5,45026,1,154,247118
314.52,9,4,1,289,179
314.57,12,6820,1,341,11558
314.6,1,3400,1,138,16877
314.72,14,56,1,165,200
314.87,14,135,1,165,200
314.91,9,108,1,289,179
314.95,14,36,1,165,200
314.98,9,8555,1,289,179
315.43,14,36,1,165,200
315.44,12,108901,1,341,11558
315.54,12,4361,1,341,11558
315.72,5,31693,1,154,247118
315.95,14,56,1,165,200
316.38,9,62,1,289,179
316.4,5,247118,1,154,247118
316.82,1,3248,1,138,16877
316.83,12,28,1,341,11558
316.98,9,62,1,289,179
317.34,14,59,1,165,200
317.9,14,56,1,165,200
318.41,1,19682,1,138,16877
318.51,14,19555,1,165,200
318.54,5,445620,1,154,247118
318.8,14,135,1,165,200
319.33,14,399,1,165,200
319.38,12,6820,1,341,11558
319.42,13,1077,1,311,1291
319.98,9,3410,1,289,179
320.13,9,68,1,289,179
320.33,14,135,1,165,200
320.47,9,62,1,289,179
320.54,9,8555,1,289,179
320.55,9,62,1,289,179
320.59,14,59,1,165,200
320.7,9,108,1,289,179
321.05,5,247118,1,154,247118
321.29,13,468,1,311,1291
321.63,14,27923,1,165,200
321.74,1,3749,1,138,16877
322.65,7,53941,1,166,4710
322.72,5,292169,1,154,247118
322.72,9,4,1,289,179
322.98,9,68,1,289,179
323.13,14,200,1,165,200
323.15,12,4361,1,341,11558
323.17,12,10168,1,341,11558
323.25,9,4,1,289,179
323.33,14,135,1,165,200
323.38,9,62,1,289,179
323.51,14,59,1,165,200
323.89,12,17985,1,341,11558
323.92,4,88738,1,255,88738
324.03,12,28,1,341,11558
324.04,9,179,1,289,179
324.09,13,5616,1,311,1291
324.31,1,48033,1,138,16877
324.46,5,247118,1,154,247118
324.67,14,200,1,165,200
324.74,7,4710,1,166,4710
325.46,14,56,1,165,200
325.67,9,179,1,289,179
325.71,12,17985,1,341,11558
326.02,13,1291,1,311,1291
326.14,9,62,1,289,179
326.23,9,8555,1,289,179
326.28,6,248303,1,420,621039
326.43,1,3400,1,138,16877
326.72,9,3410,1,289,179
327.38,12,92712,1,341,11558
327.53,14,399,1,165,200
327.64,14,27923,1,165,200
327.7,14,399,1,165,200
327.78,14,59,1,165,200
328.1,12,4361,1,341,11558
328.16,9,108,1,289,179
328.16,14,59,1,165,200
328.22,12,6820,1,341,11558
328.34,12,28,1,341,11558
328.4,1,16877,1,138,16877
328.67,9,68,1,289,179
328.67,9,68,1,289,179
328.79,14,399,1,165,200
328.91,12,10168,1,341,11558
328.93,9,68,1,289,179
328.94,14,27923,1,165,200
329.16,1,48033,1,138,16877
329.17,9,108,1,289,179
329.45,1,16877,1,138,16877
329.54,14,19555,1,165,200
329.57,14,399,1,165,200
329.85,9,8555,1,289,179
329.93,14,19555,1,165,200
330.44,9,4,1,289,179
330.6,14,36,1,165,200
330.74,14,200,1,165,200
331.25,14,200,1,165,200
331.46,1,48033,1,138,16877
331.65,14,399,1,165,200
331.66,14,27923,1,165,200
331.67,9,381,1,289,179
331.86,14,27923,1,165,200
331.98,9,62,1,289,179
332.02,14,59,1,165,200
332.09,1,3749,1,138,16877
332.19,13,5616,1,311,1291
332.32,12,6820,1,341,11558
332.42,1,10741,1,138,16877
332.72,7,530,1,166,4710
333.36,1,48033,1,138,16877
333.4,9,68,1,289,179
333.65,9,108,1,289,179
333.74,12,108901,1,341,11558
333.76,9,8555,1,289,179
333.77,9,108,1,289,179
333.92,14,36,1,165,200
334.12,1,10741,1,138,16877
334.12,14,200,1,165,200
334.32,14,399,1,165,200
334.46,12,10168,1,341,11558
334.47,12,11558,1,341,11558
334.54,14,200,1,165,200
334.65,5,17632,1,154,247118
334.76,1,48033,1,138,16877
335.05,7,312,1,166,4710
335.11,14,27923,1,165,200
335.16,1,48033,1,138,16877
335.23,12,10168,1,341,11558
335.5,15,192,1,222,1044
335.53,14,36,1,165,200
335.97,9,3410,1,289,179
336.01,1,19682,1,138,16877
336.21,14,59,1,165,200
336.35,12,108901,1,341,11558
336.68,1,10741,1,138,16877
336.69,1,48033,1,138,16877
336.69,14,19555,1,165,200
337.02,12,10168,1,341,11558
337.36,14,27923,1,165,200
337.47,14,135,1,165,200
337.91,12,28,1,341,11558
338.1,9,381,1,289,179
338.17,9,4,1,289,179
338.27,9,179,1,289,179
338.61,9,62,1,289,179
338.74,14,56,1,165,200
338.87,12,92712,1,341,11558
339.34,14,56,1,165,200
339.51,9,3410,1,289,179
339.87,12,6820,1,341,11558
339.99,12,28,1,341,11558
340.32,12,108901,1,341,11558
340.59,13,1291,1,311,1291
341.15,7,4710,1,166,4710
341.24,9,62,1,289,179
341.55,1,19682,1,138,16877
341.63,9,68,1,289,179
341.7,9,3410,1,289,179
341.76,12,6820,1,341,11558
341.84,14,56,1,165,200
341.91,12,92712,1,341,11558
341.91,14,19555,1,165,200
341.92,9,62,1,289,179
342.09,12,108901,1,341,11558
342.2,1,3248,1,138,16877
342.21,7,14996,1,166,4710
342.4,9,68,1,289,179
342.7,9,179,1,289,179
342.72,1,3400,1,138,16877
342.81,5,17632,1,154,247118
342.88,9,179,1,289,179
342.93,14,27923,1,165,200
342.93,9,68,1,289,179
343.24,9,62,1,289,179
343.38,5,445620,1,154,247118
343.75,12,108901,1,341,11558
343.8,9,8555,1,289,179
343.86,6,1008143,1,420,621039
344.16,9,62,1,289,179
344.16,1,48033,1,138,16877
344.17,1,19682,1,138,16877
344.21,7,312,1,166,4710
344.29,1,3248,1,138,16877
344.32,1,48033,1,138,16877
344.43,9,68,1,289,179
344.61,14,399,1,165,200
344.73,12,4361,1,341,11558
344.76,9,4,1,289,179
344.86,9,62,1,289,179
345.06,14,59,1,165,200
345.28,9,381,1,289,179
345.37,1,3400,1,138,16877
345.41,12,11558,1,341,11558
345.52,1,3400,1,138,16877
345.98,9,108,1,289,179
345.99,9,108,1,289,179
346.32,14,19555,1,165,200
346.41,9,68,1,289,179
346.83,13,468,1,311,1291
347.12,15,464,1,222,1044
347.23,4,88738,1,255,88738
347.46,9,381,1,289,179
347.5,9,179,1,289,179
347.62,9,3410,1,289,179
347.69,9,62,1,289,179
347.8,14,27923,1,165,200
348.26,13,144,1,311,1291
348.35,12,17985,1,341,11558
348.54,9,108,1,289,179
348.89,14,135,1,165,200
349.31,14,19555,1,165,200
349.55,14,27923,1,165,200
349.8,1,10741,1,138,16877
350.39,12,92712,1,341,11558
350.57,1,3400,1,138,16877
351.03,7,530,1,166,4710
351.36,1,3749,1,138,16877
351.61,12,28,1,341,11558
351.77,13,468,1,311,1291
351.9,1,3400,1,138,16877
351.93,9,179,1,289,179
352.25,9,68,1,289,179
352.28,9,381,1,289,179
352.7,2,9753,1,155,11631
353.04,9,62,1,289,179
353.3,14,27923,1,165,200
353.46,1,48033,1,138,16877
353.47,1,16877,1,138,16877
353.5,9,179,1,289,179
353.62,14,200,1,165,200
353.81,12,108901,1,341,11558
353.85,13,144,1,311,1291
354.03,9,381,1,289,179
354.53,12,4361,1,341,11558
354.68,1,16877,1,138,16877
354.79,12,28,1,341,11558
354.86,14,135,1,165,200
355.0,12,17985,1,341,11558
355.02,14,19555,1,165,200
355.04,14,19555,1,165,200
355.12,2,28998,1,155,11631
355.15,14,135,1,165,200
355.32,1,10741,1,138,16877
355.34,10,7815,1,275,12795
355.47,5,17632,1,154,247118
355.85,1,3248,1,138,16877
356.05,9,108,1,289,179
356.16,9,381,1,289,179
356.25,9,68,1,289,179
356.73,12,10168,1,341,11558
356.76,1,3400,1,138,16877
356.85,2,10780,1,155,11631
356.92,12,17985,1,341,11558
357.07,9,381,1,289,179
357.09,14,135,1,165,200
357.09,12,28,1,341,11558
357.14,14,135,1,165,200
357.48,13,1291,1,311,1291
357.52,9,179,1,289,179
357.55,12,6820,1,341,11558
357.55,9,62,1,289,179
357.59,9,8555,1,289,179
357.84,14,56,1,165,200
357.94,9,3410,1,289,179
357.94,14,36,1,165,200
358.17,14,27923,1,165,200
358.42,14,56,1,165,200
358.64,14,59,1,165,200
358.75,9,179,1,289,179
359.55,9,4,1,289,179
359.64,12,17985,1,341,11558
359.81,9,179,1,289,179
359.85,12,6820,1,341,11558
360.01,13,144,1,311,1291
360.49,13,5616,1,311,1291
360.53,9,108,1,289,179
360.67,5,31693,1,154,247118
360.75,9,68,1,289,179
360.78,5,17632,1,154,247118
361.08,14,200,1,165,200
361.1,9,4,1,289,179
361.16,5,45026,1,154,247118
361.18,1,3749,1,138,16877
361.31,12,28,1,341,11558
361.38,12,17985,1,341,11558
361.47,9,68,1,289,179
361.49,1,3749,1,138,16877
362.03,9,179,1,289,179
362.4,9,8555,1,289,179
362.57,12,92712,1,341,11558
362.58,12,4361,1,341,11558
362.72,9,3410,1,289,179
363.11,7,53941,1,166,4710
363.42,14,399,1,165,200
363.48,9,108,1,289,179
363.7,13,144,1,311,1291
363.7,5,445620,1,154,247118
363.71,9,62,1,289,179
363.9,1,48033,1,138,16877
363.96,9,179,1,289,179
363.98,14,56,1,165,200
364.05,9,68,1,289,179
364.23,1,3749,1,138,16877
364.29,1,10741,1,138,16877
364.34,9,381,1,289,179
364.4,5,17632,1,154,247118
364.49,1,3248,1,138,16877
364.73,14,200,1,165,200
364.79,9,108,1,289,179
365.11,9,4,1,289,179
365.12,14,399,1,165,200
365.47,2,28998,1,155,11631
365.55,14,59,1,165,200
365.57,9,8555,1,289,179
365.64,14,27923,1,165,200
365.76,12,10168,1,341,11558
365.81,14,56,1,165,200
365.94,14,19555,1,165,200
365.99,9,3410,1,289,179
366.0,14,135,1,165,200
366.62,9,8555,1,289,179
366.75,9,108,1,289,179
367.28,9,381,1,289,179
367.63,12,17985,1,341,11558
367.67,5,17632,1,154,247118
367.91,12,92712,1,341,11558
367.93,12,11558,1,341,11558
368.13,14,200,1,165,200
368.13,14,27923,1,165,200
368.23,9,381,1,289,179
368.76,9,4,1,289,179
368.96,9,4,1,289,179
369.49,5,17632,1,154,247118
369.75,1,48033,1,138,16877
370.04,9,8555,1,289,179
370.05,9,381,1,289,179
370.07,14,200,1,165,200
370.37,12,28,1,341,11558
370.7,9,381,1,289,179
370.74,12,4361,1,341,11558
370.77,5,31693,1,154,247118
371.1,9,68,1,289,179
371.49,12,4361,1,341,11558
371.61,9,108,1,289,179
371.61,9,68,1,289,179
371.73,15,464,1,222,1044
372.15,14,135,1,165,200
372.37,12,4361,1,341,11558
372.39,12,17985,1,341,11558
372.6,12,92712,1,341,11558
372.9,5,45026,1,154,247118
372.95,9,4,1,289,179
373.56,1,19682,1,138,16877
373.76,9,3410,1,289,179
373.83,12,10168,1,341,11558
373.96,7,14996,1,166,4710
374.01,14,36,1,165,200
374.08,14,135,1,165,200
374.25,14,135,1,165,200
374.45,10,29781,1,275,12795
374.5,14,399,1,165,200
374.8,4,52718,1,255,88738
374.98,14,135,1,165,200
375.33,3,463,1,384,631
376.5,14,135,1,165,200
376.55,9,179,1,289,179
376.62,14,59,1,165,200
377.9,14,56,1,165,200
377.9,5,31693,1,154,247118
377.98,9,3410,1,289,179
378.09,14,36,1,165,200
378.27,9,179,1,289,179
378.53,14,36,1,165,200
378.54,12,11558,1,341,11558
378.73,9,179,1,289,179
378.84,9,8555,1,289,179
378.89,5,292169,1,154,247118
378.95,14,399,1,165,200
378.98,9,381,1,289,179
379.06,9,108,1,289,179
379.38,9,3410,1,289,179
379.59,12,28,1,341,11558
379.81,14,59,1,165,200
379.95,14,200,1,165,200
380.11,9,179,1,289,179
380.66,14,19555,1,165,200
380.67,14,56,1,165,200
381.03,12,10168,1,341,11558
381.32,14,59,1,165,200
381.34,5,292169,1,154,247118
381.41,1,16877,1,138,16877
381.42,14,56,1,165,200
381.51,9,4,1,289,179
381.77,14,200,1,165,200
381.93,14,56,1,165,200
381.95,1,3248,1,138,16877
382.31,14,135,1,165,200
382.45,9,381,1,289,179
382.67,9,3410,1,289,179
382.68,12,28,1,341,11558
382.74,14,200,1,165,200
382.82,1,48033,1,138,16877
382.82,9,8555,1,289,179
382.83,13,468,1,311,1291
382.97,14,36,1,165,200
383.18,13,468,1,311,1291
383.2,5,31693,1,154,247118
383.23,9,4,1,289,179
384.01,9,3410,1,289,179
384.95,14,19555,1,165,200
385.12,9,8555,1,289,179
385.28,6,248303,1,420,621039
385.65,14,19555,1,165,200
385.67,1,3248,1,138,16877
385.83,15,4178,1,222,1044
385.84,12,92712,1,341,11558
385.85,14,56,1,165,200
386.18,9,381,1,289,179
386.95,1,3749,1,138,16877
386.97,14,399,1,165,200
386.99,14,27923,1,165,200
387.03,14,200,1,165,200
387.12,5,31693,1,154,247118
387.29,14,27923,1,165,200
387.66,14,200,1,165,200
387.79,12,4361,1,341,11558
387.81,14,56,1,165,200
387.85,14,399,1,165,200
388.04,12,4361,1,341,11558
388.11,1,48033,1,138,16877
388.12,9,8555,1,289,179
388.33,1,3248,1,138,16877
388.41,9,68,1,289,179
388.52,9,179,1,289,179
388.59,1,48033,1,138,16877
388.71,9,381,1,289,179
388.72,1,19682,1,138,16877
389.2,14,56,1,165,200
389.29,14,56,1,165,200
389.46,1,48033,1,138,16877
389.77,14,200,1,165,200
389.81,9,68,1,289,179
390.1,9,68,1,289,179
390.16,1,48033,1,138,16877
390.17,9,381,1,289,179
390.22,14,200,1,165,200
390.52,13,1814,1,311,1291
391.04,1,48033,1,138,16877
391.07,1,48033,1,138,16877
391.51,9,108,1,289,179
391.57,9,68,1,289,179
391.71,7,4710,1,166,4710
391.77,9,3410,1,289,179
392.04,14,200,1,165,200
392.11,14,399,1,165,200
392.12,9,62,1,289,179
392.26,14,27923,1,165,200
392.3,9,179,1,289,179
392.47,9,381,1,289,179
392.48,7,312,1,166,4710
392.52,12,4361,1,341,11558
392.54,14,56,1,165,200
392.76,12,6820,1,341,11558
393.02,9,108,1,289,179
393.07,12,6820,1,341,11558
393.12,2,2236,1,155,11631
393.15,14,399,1,165,200
393.33,9,8555,1,289,179
393.52,9,62,1,289,179
393.64,12,4361,1,341,11558
393.9,12,92712,1,341,11558
394.12,1,16877,1,138,16877
394.14,13,5616,1,311,1291
394.22,7,2176,1,166,4710
394.26,13,1077,1,311,1291
394.4,14,200,1,165,200
395.02,14,27923,1,165,200
395.16,12,28,1,341,11558
395.41,9,108,1,289,179
395.6,5,31693,1,154,247118
395.77,14,36,1,165,200
395.8,9,68,1,289,179
395.9,9,8555,1,289,179
395.95,9,68,1,289,179
396.05,5,17632,1,154,247118
396.09,12,4361,1,341,11558
396.38,1,48033,1,138,16877
396.57,14,59,1,165,200
396.58,9,381,1,289,179
396.66,1,3400,1,138,16877
396.72,9,179,1,289,179
396.91,1,10741,1,138,16877
396.92,9,3410,1,289,179
397.05,13,4963,1,311,1291
397.97,1,3248,1,138,16877
398.28,14,135,1,165,200
398.42,1,16877,1,138,16877
399.04,7,530,1,166,4710
399.15,14,19555,1,165,200
399.27,9,381,1,289,179
399.63,1,3400,1,138,16877
399.64,9,8555,1,289,179
399.87,9,3410,1,289,179
399.98,14,19555,1,165,200
400.06,9,62,1,289,179
400.25,14,200,1,165,200
400.28,14,36,1,165,200
400.38,9,3410,1,289,179
400.4,14,19555,1,165,200
401.07,9,108,1,289,179
401.35,14,27923,1,165,200
401.4,1,19682,1,138,16877
401.42,13,468,1,311,1291
401.65,9,4,1,289,179
401.81,9,8555,1,289,179
401.89,12,17985,1,341,11558
402.0,13,1814,1,311,1291
402.16,1,16877,1,138,16877
402.22,5,445620,1,154,247118
402.45,13,1291,1,311,1291
402.48,12,4361,1,341,11558
402.72,14,59,1,165,200
402.91,14,36,1,165,200
403.19,14,56,1,165,200
403.7,13,4963,1,311,1291
403.98,9,68,1,289,179
403.99,1,10741,1,138,16877
404.22,14,135,1,165,200
404.37,12,4361,1,341,11558
404.43,1,3248,1,138,16877
404.46,9,68,1,289,179
404.52,14,135,1,165,200
404.74,9,108,1,289,179
405.16,9,4,1,289,179
405.31,9,8555,1,289,179
405.8,6,7230,1,420,621039
405.85,9,179,1,289,179
405.9,9,3410,1,289,179
406.4,1,19682,1,138,16877
406.47,14,19555,1,165,200
406.64,9,68,1,289,179
406.94,14,135,1,165,200
406.98,14,399,1,165,200
407.04,6,1008143,1,420,621039
407.51,12,11558,1,341,11558
408.02,9,381,1,289,179
408.06,14,36,1,165,200
408.12,7,530,1,166,4710
408.63,12,6820,1,341,11558
408.88,12,28,1,341,11558
408.99,9,62,1,289,179
409.1,5,17632,1,154,247118
409.11,12,10168,1,341,11558
409.52,14,135,1,165,200
409.57,9,179,1,289,179
409.94,12,28,1,341,11558
410.15,9,3410,1,289,179
410.52,13,1814,1,311,1291
410.53,5,45026,1,154,247118
410.54,14,27923,1,165,200
410.87,9,62,1,289,179
410.98,9,8555,1,289,179
410.98,1,48033,1,138,16877
411.07,1,16877,1,138,16877
411.16,9,8555,1,289,179
411.21,9,8555,1,289,179
411.3,14,27923,1,165,200
411.83,1,19682,1,138,16877
412.1,9,68,1,289,179
412.3,9,4,1,289,179
412.31,1,48033,1,138,16877
412.7,3,803,1,384,631
412.73,9,8555,1,289,179
412.74,9,108,1,289,179
412.9,9,3410,1,289,179
413.01,9,381,1,289,179
413.05,12,4361,1,341,11558
413.29,1,3248,1,138,16877
413.4,9,3410,1,289,179
413.6,14,56,1,165,200
413.62,9,179,1,289,179
413.94,12,10168,1,341,11558
414.08,9,108,1,289,179
414.21,14,200,1,165,200
414.4,14,56,1,165,200
414.56,9,3410,1,289,179
414.61,14,36,1,165,200
414.62,3,463,1,384,631
414.82,1,3248,1,138,16877
414.88,14,399,1,165,200
414.89,14,27923,1,165,200
414.99,2,11631,1,155,11631
415.16,9,68,1,289,179
415.5,1,3248,1,138,16877
415.75,9,108,1,289,179
416.24,14,27923,1,165,200
416.32,9,381,1,289,179
416.37,9,108,1,289,179
416.48,9,381,1,289,179
416.48,1,10741,1,138,16877
416.72,9,62,1,289,179
416.86,12,92712,1,341,11558
416.87,14,56,1,165,200
416.96,14,56,1,165,200
417.42,1,48033,1,138,16877
417.49,14,399,1,165,200
417.55,14,399,1,165,200
417.62,14,19555,1,165,200
417.63,9,108,1,289,179
417.69,9,4,1,289,179
417.82,9,381,1,289,179
418.11,1,10741,1,138,16877
418.14,7,312,1,166,4710
418.23,7,53941,1,166,4710
418.26,9,62,1,289,179
418.51,14,399,1,165,200
418.97,9,68,1,289,179
419.2,1,3400,1,138,16877
419.32,14,200,1,165,200
419.32,14,36,1,165,200
419.45,14,59,1,165,200
419.45,15,464,1,222,1044
419.58,12,108901,1,341,11558
419.79,14,399,1,165,200
419.84,1,3749,1,138,16877
419.85,9,108,1,289,179
419.95,7,312,1,166,4710
420.13,5,247118,1,154,247118
420.21,5,45026,1,154,247118
420.92,12,108901,1,341,11558
421.0,14,59,1,165,200
421.25,12,4361,1,341,11558
421.41,5,17632,1,154,247118
421.5,14,399,1,165,200
421.52,12,11558,1,341,11558
421.82,9,62,1,289,179
421.89,12,11558,1,341,11558
422.13,9,381,1,289,179
422.2,9,3410,1,289,179
422.25,14,36,1,165,200
422.39,9,68,1,289,179
422.58,9,179,1,289,179
422.67,14,36,1,165,200
422.67,13,1291,1,311,1291
422.73,1,3400,1,138,16877
422.75,5,247118,1,154,247118
422.97,1,48033,1,138,16877
423.22,12,4361,1,341,11558
424.03,9,62,1,289,179
424.07,5,17632,1,154,247118
424.11,14,135,1,165,200
424.24,9,381,1,289,179
424.98,7,4710,1,166,4710
425.11,9,68,1,289,179
425.15,13,5616,1,311,1291
425.18,1,3400,1,138,16877
425.45,9,108,1,289,179
425.56,14,56,1,165,200
425.67,9,108,1,289,179
425.73,12,10168,1,341,11558
425.89,9,68,1,289,179
426.15,1,10741,1,138,16877
426.33,5,31693,1,154,247118
426.92,9,4,1,289,179
427.12,6,7230,1,420,621039
427.24,1,3749,1,138,16877
427.43,14,399,1,165,200
427.62,14,19555,1,165,200
427.77,14,56,1,165,200
428.21,14,19555,1,165,200
429.01,7,14996,1,166,4710
429.08,14,200,1,165,200
429.26,5,292169,1,154,247118
429.32,14,36,1,165,200
429.57,15,1044,1,222,1044
429.74,13,1291,1,311,1291
429.85,14,135,1,165,200
430.18,12,17985,1,341,11558
430.24,9,8555,1,289,179
430.4,9,108,1,289,179
430.42,12,17985,1,341,11558
430.9,1,16877,1,138,16877
431.17,12,108901,1,341,11558
431.38,14,135,1,165,200
431.41,5,445620,1,154,247118
431.55,14,56,1,165,200
431.61,14,27923,1,165,200
431.67,14,399,1,165,200
432.03,14,399,1,165,200
432.26,9,108,1,289,179
432.94,14,399,1,165,200
433.89,14,200,1,165,200
434.3,5,45026,1,154,247118
434.34,9,108,1,289,179
434.39,13,5616,1,311,1291
434.41,7,530,1,166,4710
434.59,12,92712,1,341,11558
434.78,12,92712,1,341,11558
435.05,5,31693,1,154,247118
435.08,12,108901,1,341,11558
435.22,14,200,1,165,200
435.3,9,62,1,289,179
435.42,1,19682,1,138,16877
435.55,1,48033,1,138,16877
436.31,9,4,1,289,179
436.84,14,399,1,165,200
437.15,7,312,1,166,4710
437.22,12,108901,1,341,11558
437.41,7,53941,1,166,4710
437.49,9,179,1,289,179
437.54,14,56,1,165,200
438.28,14,56,1,165,200
438.3,1,3400,1,138,16877
438.49,9,68,1,289,179
438.66,1,16877,1,138,16877
439.08,9,4,1,289,179
439.15,12,4361,1,341,11558
439.2,2,11631,1,155,11631
439.37,9,381,1,289,179
439.46,9,4,1,289,179
439.86,14,19555,1,165,200
439.92,15,464,1,222,1044
440.37,1,10741,1,138,16877
440.9,14,27923,1,165,200
440.97,9,8555,1,289,179
441.28,9,4,1,289,179
441.66,14,19555,1,165,200
441.71,14,19555,1,165,200
441.97,14,19555,1,165,200
442.02,12,17985,1,341,11558
442.16,9,4,1,289,179
442.17,14,36,1,165,200
442.33,7,2176,1,166,4710
442.47,12,4361,1,341,11558
442.7,9,381,1,289,179
442.71,12,92712,1,341,11558
442.95,7,2176,1,166,4710
442.96,5,17632,1,154,247118
443.2,14,399,1,165,200
443.22,1,3749,1,138,16877
443.23,9,4,1,289,179
443.35,7,530,1,166,4710
443.53,1,16877,1,138,16877
443.78,1,3749,1,138,16877
443.82,5,17632,1,154,247118
443.85,14,135,1,165,200
443.85,9,4,1,289,179
443.99,14,36,1,165,200
444.21,12,11558,1,341,11558
444.39,9,3410,1,289,179
444.51,12,4361,1,341,11558
444.64,9,4,1,289,179
445.14,14,200,1,165,200
445.14,9,108,1,289,179
445.15,9,179,1,289,179
445.18,14,27923,1,165,200
446.08,14,200,1,165,200
446.33,14,59,1,165,200
446.72,9,62,1,289,179
446.9,14,56,1,165,200
446.95,9,381,1,289,179
447.28,9,3410,1,289,179
447.37,6,248303,1,420,621039
447.49,12,17985,1,341,11558
447.6,5,445620,1,154,247118
447.62,9,3410,1,289,179
447.63,14,200,1,165,200
447.67,6,248303,1,420,621039
447.87,1,48033,1,138,16877
447.99,1,10741,1,138,16877
448.19,14,56,1,165,200
448.21,9,62,1,289,179
448.29,9,62,1,289,179
448.32,14,36,1,165,200
448.54,14,200,1,165,200
448.68,9,8555,1,289,179
448.87,13,1077,1,311,1291
449.0,14,200,1,165,200
449.22,12,92712,1,341,11558
449.53,5,45026,1,154,247118
449.55,14,135,1,165,200
449.68,12,17985,1,341,11558
449.75,9,108,1,289,179
449.97,9,108,1,289,179
450.69,1,3749,1,138,16877
450.72,4,140810,1,255,88738
450.82,14,59,1,165,200
451.42,1,19682,1,138,16877
451.48,9,4,1,289,179
451.6,9,62,1,289,179
451.71,1,48033,1,138,16877
451.78,14,19555,1,165,200
451.81,7,53941,1,166,4710
451.83,9,108,1,289,179
451.85,9,179,1,289,179
452.23,7,53941,1,166,4710
452.35,1,3749,1,138,16877
453.0,14,56,1,165,200
453.32,14,36,1,165,200
453.5,7,530,1,166,4710
453.82,12,10168,1,341,11558
454.32,14,27923,1,165,200
454.42,14,56,1,165,200
454.78,9,108,1,289,179
455.02,9,381,1,289,179
455.1,9,68,1,289,179
455.17,13,468,1,311,1291
455.35,14,135,1,165,200
455.81,5,247118,1,154,247118
455.91,9,68,1,289,179
456.58,14,27923,1,165,200
456.59,14,200,1,165,200
456.83,14,135,1,165,200
457.27,14,399,1,165,200
457.34,9,108,1,289,179
457.97,12,17985,1,341,11558
458.18,12,92712,1,341,11558
458.37,1,3749,1,138,16877
458.57,12,108901,1,341,11558
458.61,13,1291,1,311,1291
458.62,5,445620,1,154,247118
458.81,14,135,1,165,200
458.95,12,92712,1,341,11558
459.07,14,59,1,165,200
459.08,1,48033,1,138,16877
459.3,9,3410,1,289,179
459.43,12,17985,1,341,11558
459.52,9,108,1,289,179
459.54,13,4963,1,311,1291
459.54,14,27923,1,165,200
459.63,1,48033,1,138,16877
459.73,9,381,1,289,179
459.87,9,62,1,289,179
460.35,9,8555,1,289,179
460.46,14,399,1,165,200
460.82,14,56,1,165,200
461.67,13,468,1,311,1291
461.78,13,1077,1,311,1291
461.98,9,3410,1,289,179
462.1,14,59,1,165,200
462.33,13,144,1,311,1291
462.35,14,399,1,165,200
462.66,14,59,1,165,200
462.68,9,68,1,289,179
462.74,14,19555,1,165,200
462.8,5,31693,1,154,247118
463.08,9,381,1,289,179
463.2,9,62,1,289,179
463.55,14,135,1,165,200
463.59,14,59,1,165,200
463.59,13,1814,1,311,1291
463.75,14,59,1,165,200
463.95,12,10168,1,341,11558
464.15,14,200,1,165,200
464.33,9,108,1,289,179
464.34,9,62,1,289,179
464.43,5,31693,1,154,247118
464.49,14,27923,1,165,200
464.7,14,59,1,165,200
465.1,9,62,1,289,179
465.22,1,19682,1,138,16877
465.25,14,135,1,165,200
465.33,1,3749,1,138,16877
465.4,13,1077,1,311,1291
465.56,14,135,1,165,200
466.09,9,68,1,289,179
466.29,7,53941,1,166,4710
466.34,13,1291,1,311,1291
467.06,14,27923,1,165,200
467.06,12,92712,1,341,11558
467.08,14,56,1,165,200
467.51,1,3248,1,138,16877
468.61,9,8555,1,289,179
468.62,13,4963,1,311,1291
468.66,14,36,1,165,200
468.72,5,17632,1,154,247118
468.8,14,56,1,165,200
468.94,12,11558,1,341,11558
469.0,9,108,1,289,179
469.05,4,52718,1,255,88738
469.16,14,200,1,165,200
469.22,5,17632,1,154,247118
469.39,9,8555,1,289,179
469.42,9,381,1,289,179
469.48,14,56,1,165,200
469.5,12,92712,1,341,11558
