"Container ID","VM ID","Function ID","Start Time","Finish Time","Finished Request Count"
"1","1","9","3.02","24.02","1"
"2","1","23","3.02","35.02","2"
"3","1","10","3.02","46.02","2"
"4","1","9","3.02","35.02","4"
"5","1","9","3.02","24.02","1"
"6","1","9","3.02","24.02","3"
"7","2","9","3.03","35.02","2"
"8","2","22","3.03","24.02","1"
"9","2","9","3.03","24.02","1"
"10","2","10","3.03","24.02","1"
"11","2","1","3.04","24.02","1"
"12","2","23","3.05","24.02","4"
"13","1","17","3.06","24.02","1"
"14","3","9","3.08","35.02","3"
"15","3","9","3.08","24.02","2"
"16","3","9","3.1","24.02","2"
"17","3","9","3.15","24.02","1"
"18","3","9","3.19","24.02","2"
"19","3","9","3.56","24.02","1"
"20","4","9","3.95","24.02","1"
"21","4","9","3.96","24.02","1"
"22","4","9","3.97","24.02","1"
"23","4","9","3.98","24.02","1"
"24","4","9","4.19","24.02","1"
"25","4","9","4.2","24.02","1"
"26","5","10","4.5","24.02","1"
"27","5","9","4.62","24.02","1"
"28","5","9","5","24.02","1"
"29","5","9","5.13","24.02","1"
"30","5","9","5.13","24.02","1"
"31","6","9","5.34","24.02","1"
"32","6","9","5.4","24.02","1"
"33","6","9","5.52","24.02","1"
"34","1","16","6.1","24.02","1"
"35","6","10","6.64","24.02","1"
"36","5","3","7.41","24.02","1"
"37","6","22","16.02","178.02","1"
"38","5","23","16.02","57.02","3"
"39","1","10","27.02","90.02","2"
"40","1","9","43.81","57.02","1"
"41","1","9","43.94","57.02","1"
"42","1","9","43.94","57.02","1"
"43","6","8","43.98","57.02","1"
"44","6","9","43.98","68.02","2"
"45","6","9","43.98","57.02","1"
"46","6","9","43.98","57.02","1"
"47","1","17","43.98","57.02","1"
"48","6","9","43.98","57.02","1"
"49","5","9","43.99","57.02","0"
"50","5","9","43.99","57.02","1"
"51","5","9","43.99","57.02","1"
"52","6","11","43.99","57.02","1"
"53","5","9","43.99","57.02","1"
"54","5","23","44.01","57.02","1"
"55","1","1","54.72","68.02","1"
"56","6","16","56.62","68.02","1"
"57","1","16","60.02","189.02","3"
"58","1","10","64.82","90.02","2"
"59","1","10","71.02","156.02","3"
"60","1","10","71.02","145.02","1"
"61","6","9","71.76","101.02","3"
"62","1","21","95.46","112.02","1"
"63","1","9","103.39","266.02","36"
"64","1","9","116.19","167.02","8"
"65","1","9","116.26","145.02","4"
"66","6","23","124.63","200.02","3"
"67","6","10","126.64","145.02","1"
"68","6","1","127.69","145.02","1"
"69","6","3","128.23","145.02","1"
"70","6","9","129.34","145.02","1"
"71","1","23","148.02","244.02","4"
"72","1","16","148.02","266.02","1"
"73","1","13","153.31","167.02","1"
"74","1","22","159.02","508.02","17"
"75","1","9","169.19","189.02","1"
"76","1","23","170.02","200.02","1"
"77","1","23","170.02","233.02","2"
"78","1","9","172.07","244.02","8"
"79","6","19","173.07","189.02","1"
"80","6","1","173.41","189.02","1"
"81","1","9","181.02","233.02","1"
"82","6","10","189.45","200.02","1"
"83","6","10","192.02","266.02","4"
"84","1","7","204.47","222.02","1"
"85","1","9","214.02","233.02","1"
"86","6","9","214.02","299.02","6"
"87","6","10","224.08","244.02","1"
"88","6","17","236.9","255.02","0"
"89","6","8","242.99","255.02","1"
"90","1","1","244.72","255.02","1"
"91","6","9","246.38","266.02","3"
"92","6","1","247.02","321.02","1"
"93","6","17","247.02","354.02","1"
"94","1","10","247.02","299.02","1"
"95","1","23","247.06","321.02","3"
"96","5","9","247.33","266.02","1"
"97","5","9","247.56","266.02","1"
"98","1","23","247.58","266.02","1"
"99","1","23","247.79","266.02","1"
"100","5","9","248.23","266.02","1"
"101","5","9","248.66","266.02","1"
"102","1","9","268.81","519.02","45"
"103","6","23","269.02","310.02","3"
"104","1","10","280.02","299.02","1"
"105","1","9","302.02","530.02","49"
"106","1","9","303","321.02","1"
"107","1","9","303.02","321.02","1"
"108","6","9","303.02","321.02","1"
"109","6","1","303.04","321.02","1"
"110","6","9","303.04","321.02","1"
"111","5","9","303.04","321.02","1"
"112","5","10","314.2","343.02","2"
"113","5","10","324.02","343.02","1"
"114","1","9","335.02","354.02","1"
"115","1","9","335.02","354.02","2"
"116","1","23","363.02","530.02","15"
"117","1","23","363.03","519.02","15"
"118","1","11","365.1","376.02","1"
"119","1","9","366.19","530.02","40"
"120","1","9","366.38","530.02","46"
"121","5","10","366.59","1003.02","117"
"122","5","1","367.01","387.02","1"
"123","5","9","367.46","1201.02","240"
"124","5","9","368.3","1003.02","169"
"125","6","1","368.5","387.02","1"
"126","5","23","371.2","387.02","0"
"127","5","23","371.26","387.02","0"
"128","1","17","375.94","552.02","7"
"129","1","23","379.02","552.02","9"
"130","1","23","379.02","563.02","10"
"131","6","10","388.77","552.02","25"
"132","6","10","388.86","552.02","19"
"133","5","9","389.51","409.02","1"
"134","1","16","389.51","541.02","22"
"135","5","16","389.64","508.02","14"
"136","5","23","389.88","1223.02","75"
"137","5","22","390.02","431.02","2"
"138","5","23","390.02","1256.02","69"
"139","6","9","390.02","409.02","1"
"140","6","9","390.02","409.02","1"
"141","6","9","390.02","409.02","1"
"142","3","9","390.02","530.02","51"
"143","3","9","390.22","519.02","33"
"144","3","11","390.22","409.02","1"
"145","3","9","390.32","519.02","22"
"146","3","11","390.36","409.02","1"
"147","3","23","390.36","541.02","11"
"148","3","9","390.53","519.02","23"
"149","3","9","390.7","519.02","36"
"150","2","5","390.85","409.02","1"
"151","2","9","390.85","1256.02","274"
"152","2","9","391.42","1223.02","291"
"153","3","3","391.49","409.02","1"
"154","2","7","391.55","409.02","1"
"155","5","16","391.55","431.02","4"
"156","2","9","391.66","1069.02","217"
"157","2","9","391.68","1256.02","280"
"158","4","9","391.82","1300.02","312"
"159","4","10","391.82","1267.02","161"
"160","4","9","392.01","1300.02","277"
"161","4","9","392.01","1256.02","243"
"162","4","10","392.46","673.02","51"
"163","2","11","393.3","409.02","1"
"164","7","1","393.97","706.02","61"
"165","7","10","395.64","420.02","2"
"166","7","1","397.35","420.02","2"
"167","7","8","398.37","409.02","1"
"168","7","18","398.37","409.02","1"
"169","8","8","399.46","431.02","2"
"170","8","19","400.12","420.02","2"
"171","8","1","401.02","431.02","2"
"172","7","23","401.02","893.02","37"
"173","7","18","401.02","453.02","1"
"174","8","1","401.02","453.02","2"
"175","9","1","401.02","541.02","19"
"176","7","23","401.44","420.02","0"
"177","8","23","401.44","453.02","6"
"178","9","1","401.54","420.02","1"
"179","8","23","402.07","563.02","16"
"180","9","13","402.1","420.02","1"
"181","9","10","402.64","431.02","2"
"182","9","23","402.65","486.02","8"
"183","10","10","402.67","552.02","23"
"184","10","10","402.67","420.02","1"
"185","8","23","402.7","783.02","42"
"186","8","23","403","420.02","1"
"187","10","23","403.1","684.02","31"
"188","10","23","408.53","420.02","0"
"189","10","23","408.57","563.02","17"
"190","10","1","409.25","431.02","2"
"191","10","23","410.61","783.02","25"
"192","11","1","410.69","431.02","1"
"193","10","23","410.69","563.02","20"
"194","11","8","410.78","431.02","2"
"195","10","23","410.78","1014.02","61"
"196","10","23","410.86","431.02","1"
"197","11","23","410.9","530.02","15"
"198","3","8","411.48","431.02","2"
"199","10","17","414.3","431.02","1"
"200","2","21","414.45","431.02","2"
"201","4","17","414.7","431.02","1"
"202","5","9","414.87","992.02","130"
"203","2","17","416.12","1234.02","37"
"204","2","2","417.23","431.02","0"
"205","7","9","418.21","816.02","98"
"206","6","9","418.23","431.02","0"
"207","6","9","418.23","453.02","10"
"208","6","9","418.26","431.02","0"
"209","11","9","418.26","541.02","31"
"210","11","9","418.31","761.02","49"
"211","11","9","418.31","673.02","47"
"212","12","9","418.51","431.02","0"
"213","12","9","418.52","431.02","0"
"214","12","9","418.52","541.02","36"
"215","12","9","418.77","541.02","20"
"216","11","11","419.58","431.02","1"
"217","12","9","419.58","673.02","38"
"218","12","9","420.08","541.02","21"
"219","11","7","420.84","431.02","1"
"220","2","11","423.02","519.02","17"
"221","2","2","423.02","464.02","1"
"222","8","7","423.02","453.02","1"
"223","7","9","424.77","849.02","82"
"224","7","9","424.77","673.02","66"
"225","7","9","424.77","673.02","83"
"226","8","9","424.78","453.02","7"
"227","10","9","429.94","541.02","23"
"228","8","3","430","442.02","1"
"229","9","9","430","442.02","0"
"230","2","11","433.35","497.02","10"
"231","3","3","434.02","475.02","6"
"232","7","17","434.02","706.02","8"
"233","4","17","434.02","706.02","3"
"234","6","10","434.02","552.02","15"
"235","12","10","434.02","673.02","23"
"236","3","23","435.93","530.02","8"
"237","5","9","437.27","992.02","194"
"238","11","9","437.29","541.02","23"
"239","11","9","437.29","541.02","28"
"240","10","9","437.41","541.02","32"
"241","10","9","437.42","541.02","32"
"242","8","9","437.42","453.02","2"
"243","8","9","437.42","453.02","1"
"244","9","9","437.42","519.02","21"
"245","9","9","437.42","519.02","22"
"246","9","9","437.43","530.02","23"
"247","13","9","437.44","530.02","19"
"248","13","9","437.46","530.02","15"
"249","13","9","437.46","519.02","16"
"250","13","9","437.46","519.02","16"
"251","13","9","437.46","530.02","17"
"252","13","9","437.54","519.02","16"
"253","14","9","437.66","508.02","12"
"254","14","9","437.67","508.02","13"
"255","14","9","437.71","508.02","9"
"256","14","9","437.71","508.02","13"
"257","2","21","437.72","486.02","7"
"258","14","9","437.72","508.02","8"
"259","14","9","437.72","508.02","7"
"260","15","9","437.72","530.02","12"
"261","15","9","437.74","453.02","1"
"262","15","9","437.75","453.02","1"
"263","15","9","437.98","453.02","1"
"264","15","1","437.99","453.02","1"
"265","16","9","437.99","453.02","1"
"266","16","9","438","453.02","1"
"267","16","9","438.02","453.02","1"
"268","16","9","438.02","453.02","1"
"269","16","9","438.02","453.02","1"
"270","16","9","438.03","453.02","1"
"271","17","9","438.04","453.02","1"
"272","17","9","438.04","453.02","1"
"273","17","9","438.04","453.02","1"
"274","17","1","438.05","464.02","2"
"275","17","9","438.05","453.02","1"
"276","18","9","438.05","453.02","1"
"277","18","1","438.05","464.02","2"
"278","18","9","438.05","453.02","1"
"279","18","9","438.06","453.02","1"
"280","18","9","438.08","453.02","1"
"281","19","9","438.08","453.02","1"
"282","19","9","438.08","453.02","1"
"283","19","9","438.08","453.02","1"
"284","19","9","438.1","453.02","1"
"285","19","9","438.38","453.02","1"
"286","20","1","438.66","453.02","1"
"287","20","1","439.03","453.02","1"
"288","11","8","442.78","541.02","13"
"289","20","10","442.78","453.02","1"
"290","10","23","442.8","541.02","6"
"291","10","23","442.83","519.02","12"
"292","3","3","442.83","475.02","3"
"293","20","10","442.83","453.02","1"
"294","20","23","442.84","453.02","1"
"295","9","23","442.85","541.02","6"
"296","12","23","442.85","519.02","5"
"297","9","17","442.86","453.02","1"
"298","12","7","442.86","453.02","1"
"299","21","10","443.13","519.02","11"
"300","21","10","443.52","519.02","8"
"301","9","22","444.33","508.02","4"
"302","19","22","444.63","486.02","3"
"303","21","22","444.94","475.02","5"
"304","15","23","444.94","530.02","3"
"305","15","11","445.02","486.02","1"
"306","17","11","445.02","475.02","1"
"307","17","23","445.02","552.02","3"
"308","21","1","445.02","475.02","1"
"309","22","1","445.02","475.02","1"
"310","22","1","445.02","497.02","1"
"311","22","1","445.02","497.02","1"
"312","18","3","445.02","508.02","3"
"313","18","3","445.02","596.02","2"
"314","21","8","445.02","486.02","3"
"315","22","21","445.02","508.02","1"
"316","23","10","445.02","541.02","7"
"317","23","10","445.02","607.02","17"
"318","23","8","445.08","475.02","2"
"319","23","10","445.21","541.02","9"
"320","24","10","445.27","530.02","6"
"321","24","10","445.67","475.02","6"
"322","22","23","445.74","508.02","2"
"323","22","23","445.74","464.02","0"
"324","24","10","446.02","475.02","2"
"325","19","17","447.68","464.02","0"
"326","15","17","447.68","717.02","7"
"327","24","10","447.7","475.02","4"
"328","23","22","447.73","486.02","3"
"329","17","17","447.73","717.02","6"
"330","25","10","447.74","530.02","11"
"331","25","10","448.36","464.02","1"
"332","25","10","448.39","464.02","1"
"333","25","10","448.4","475.02","2"
"334","26","10","448.9","475.02","3"
"335","26","10","449.45","475.02","3"
"336","26","19","453.97","464.02","1"
"337","24","16","455.2","475.02","2"
"338","24","16","455.25","475.02","1"
"339","6","19","456.02","519.02","4"
"340","7","18","457.74","475.02","1"
"341","9","7","458.66","475.02","1"
"342","25","14","458.84","475.02","1"
"343","26","9","458.87","519.02","9"
"344","15","9","458.87","530.02","13"
"345","15","9","458.99","475.02","2"
"346","15","9","458.99","475.02","3"
"347","15","9","459","475.02","3"
"348","17","22","459.98","475.02","1"
"349","17","22","460.34","475.02","1"
"350","25","16","460.36","475.02","1"
"351","17","10","460.45","475.02","1"
"352","6","16","460.53","475.02","0"
"353","6","16","461.58","475.02","1"
"354","19","9","461.79","475.02","1"
"355","19","9","461.79","475.02","1"
"356","19","9","461.79","475.02","1"
"357","19","9","461.97","475.02","0"
"358","12","23","464.31","684.02","28"
"359","19","9","464.33","475.02","1"
"360","18","9","464.33","475.02","1"
"361","18","9","464.33","475.02","1"
"362","18","9","464.33","475.02","1"
"363","18","9","464.34","475.02","1"
"364","8","9","464.34","475.02","1"
"365","15","23","464.51","684.02","19"
"366","15","23","465.28","486.02","1"
"367","8","5","465.55","486.02","1"
"368","26","23","465.97","486.02","1"
"369","2","23","466.13","563.02","5"
"370","22","23","466.25","486.02","1"
"371","12","17","466.28","717.02","9"
"372","18","23","466.3","486.02","1"
"373","18","23","466.44","486.02","1"
"374","18","22","467.02","508.02","2"
"375","18","16","467.02","508.02","2"
"376","19","17","467.02","706.02","3"
"377","22","10","478.93","497.02","1"
"378","21","10","478.96","497.02","1"
"379","15","10","478.97","552.02","8"
"380","15","10","478.99","552.02","6"
"381","18","9","479.1","519.02","4"
"382","18","10","479.17","497.02","1"
"383","18","9","479.2","519.02","3"
"384","8","10","479.23","563.02","12"
"385","8","9","479.3","684.02","46"
"386","8","9","479.47","541.02","10"
"387","24","9","479.47","530.02","4"
"388","24","13","480.02","519.02","6"
"389","24","1","480.8","541.02","5"
"390","25","9","481.32","530.02","7"
"391","25","9","481.32","530.02","5"
"392","26","10","481.64","497.02","1"
"393","26","10","481.76","519.02","4"
"394","25","10","482.38","541.02","4"
"395","15","17","485.91","750.02","10"
"396","23","19","488.53","508.02","1"
"397","25","22","489.02","541.02","3"
"398","7","23","489.02","1014.02","59"
"399","6","23","489.02","684.02","19"
"400","23","16","489.02","541.02","1"
"401","23","16","489.02","629.02","9"
"402","25","17","489.44","508.02","4"
"403","25","17","489.6","904.02","14"
"404","18","9","489.62","530.02","2"
"405","26","9","489.62","508.02","3"
"406","22","17","489.62","508.02","1"
"407","26","9","489.62","508.02","3"
"408","8","9","489.72","673.02","39"
"409","8","9","489.72","541.02","8"
"410","2","9","489.72","1047.02","156"
"411","22","18","489.73","508.02","1"
"412","21","9","489.74","508.02","3"
"413","26","17","489.74","761.02","7"
"414","17","9","489.74","508.02","3"
"415","17","9","489.74","519.02","3"
"416","17","9","489.74","508.02","1"
"417","17","9","489.75","519.02","3"
"418","17","9","489.76","519.02","2"
"419","19","9","489.76","530.02","5"
"420","19","9","489.77","530.02","6"
"421","19","10","490.1","541.02","4"
"422","19","10","490.32","541.02","5"
"423","20","10","490.41","519.02","3"
"424","20","19","490.87","508.02","1"
"425","15","3","493.68","519.02","2"
"426","2","18","493.71","541.02","4"
"427","9","7","495.45","508.02","1"
"428","19","9","495.52","530.02","2"
"429","20","9","495.52","508.02","0"
"430","20","9","495.52","519.02","2"
"431","20","9","495.52","519.02","3"
"432","16","9","495.53","519.02","5"
"433","16","9","495.53","508.02","0"
"434","16","9","495.53","519.02","4"
"435","16","9","495.53","530.02","3"
"436","16","9","495.53","519.02","4"
"437","16","9","495.53","530.02","3"
"438","27","1","495.67","508.02","1"
"439","27","9","495.67","508.02","2"
"440","27","9","495.71","519.02","2"
"441","27","9","495.87","519.02","3"
"442","27","9","495.98","519.02","3"
"443","28","9","495.98","530.02","3"
"444","9","2","498.33","519.02","0"
"445","27","23","498.9","519.02","1"
"446","28","8","499","519.02","1"
"447","27","23","499.02","519.02","1"
"448","24","23","499.03","519.02","1"
"449","24","23","499.03","519.02","0"
"450","24","23","499.05","519.02","0"
"451","22","21","499.11","519.02","1"
"452","21","9","499.2","519.02","1"
"453","21","9","499.2","519.02","1"
"454","26","23","499.21","519.02","1"
"455","26","9","499.21","519.02","1"
"456","28","9","499.22","541.02","2"
"457","26","23","499.22","519.02","1"
"458","28","9","499.22","530.02","2"
"459","28","9","499.22","530.02","2"
"460","28","9","499.24","530.02","2"
"461","18","9","499.34","519.02","1"
"462","28","23","499.34","519.02","1"
"463","22","9","499.35","519.02","1"
"464","22","9","499.35","519.02","1"
"465","22","9","499.35","519.02","1"
"466","18","23","499.35","519.02","1"
"467","29","9","499.36","519.02","1"
"468","29","9","499.46","519.02","1"
"469","29","9","499.49","519.02","1"
"470","18","23","499.52","519.02","0"
"471","29","1","499.54","530.02","2"
"472","27","17","499.55","519.02","1"
"473","21","17","499.59","519.02","3"
"474","29","9","499.6","519.02","1"
"475","30","9","499.8","530.02","2"
"476","30","9","499.82","519.02","1"
"477","3","23","499.88","519.02","1"
"478","30","9","499.88","530.02","2"
"479","30","9","499.88","541.02","2"
"480","30","9","499.88","530.02","2"
"481","2","11","500.02","552.02","1"
"482","31","13","500.02","574.02","2"
"483","30","8","500.02","607.02","3"
"484","31","10","500.02","530.02","1"
"485","31","10","500.02","585.02","2"
"486","31","10","500.02","585.02","3"
"487","32","10","500.02","585.02","2"
"488","32","10","500.02","596.02","4"
"489","32","10","500.02","596.02","4"
"490","32","10","500.02","585.02","2"
"491","33","10","500.02","651.02","4"
"492","33","10","500.02","607.02","3"
"493","33","10","500.02","596.02","1"
"494","23","1","510.45","651.02","23"
"495","33","1","510.51","530.02","1"
"496","25","2","511.02","530.02","1"
"497","22","1","511.4","530.02","1"
"498","26","5","520.8","541.02","1"
"499","28","22","522.02","574.02","2"
"500","8","16","522.02","574.02","1"
"501","5","16","522.02","541.02","2"
"502","31","17","522.02","585.02","5"
"503","31","17","522.02","827.02","6"
"504","32","17","522.02","684.02","3"
"505","32","17","522.02","585.02","1"
"506","10","18","522.02","574.02","1"
"507","15","7","522.39","541.02","1"
"508","12","16","523.28","541.02","1"
"509","33","16","523.6","541.02","1"
"510","30","21","526.18","541.02","1"
"511","6","19","527.18","541.02","1"
"512","1","21","529.33","541.02","1"
"513","2","11","531.36","552.02","1"
"514","11","17","533.02","706.02","2"
"515","31","19","533.02","651.02","3"
"516","6","9","544.22","563.02","1"
"517","33","9","544.25","563.02","2"
"518","15","9","544.41","563.02","2"
"519","15","9","544.61","563.02","2"
"520","23","9","544.65","651.02","30"
"521","23","9","544.78","651.02","22"
"522","23","9","544.78","651.02","20"
"523","12","9","544.82","673.02","24"
"524","8","1","544.87","563.02","1"
"525","12","9","544.87","673.02","23"
"526","12","9","545.31","673.02","25"
"527","10","9","548.11","673.02","22"
"528","10","9","548.22","673.02","29"
"529","10","9","548.3","684.02","34"
"530","11","19","553.15","596.02","2"
"531","11","19","553.86","574.02","1"
"532","10","13","564.35","596.02","3"
"533","33","13","565.66","585.02","1"
"534","33","23","566.02","662.02","11"
"535","12","11","567.04","596.02","2"
"536","10","11","570.32","673.02","22"
"537","10","3","572.15","607.02","4"
"538","8","10","573.47","673.02","17"
"539","8","10","573.48","673.02","18"
"540","2","8","573.51","684.02","16"
"541","28","21","573.61","596.02","2"
"542","28","10","573.74","651.02","7"
"543","28","10","573.76","585.02","0"
"544","11","9","573.76","673.02","24"
"545","28","9","573.76","651.02","10"
"546","30","9","573.76","651.02","11"
"547","30","9","573.84","662.02","9"
"548","30","9","573.84","651.02","10"
"549","30","9","573.9","651.02","13"
"550","15","10","573.92","673.02","10"
"551","30","9","573.95","651.02","12"
"552","15","10","573.95","673.02","9"
"553","15","10","574.01","673.02","11"
"554","15","9","574.01","585.02","0"
"555","18","9","574.03","673.02","20"
"556","18","9","574.03","684.02","15"
"557","18","10","574.07","585.02","1"
"558","18","10","574.08","662.02","8"
"559","6","9","574.09","684.02","41"
"560","6","9","574.09","673.02","34"
"561","6","9","574.09","673.02","27"
"562","6","9","574.1","684.02","37"
"563","6","10","574.11","673.02","16"
"564","17","9","574.11","673.02","14"
"565","17","9","574.11","585.02","0"
"566","17","9","574.12","607.02","5"
"567","17","10","574.14","585.02","0"
"568","17","9","574.15","596.02","6"
"569","19","10","574.15","662.02","10"
"570","19","9","574.22","662.02","17"
"571","19","9","574.22","673.02","27"
"572","19","9","574.22","662.02","15"
"573","19","9","574.26","651.02","16"
"574","25","9","574.26","585.02","0"
"575","25","9","574.28","651.02","16"
"576","25","9","574.33","651.02","13"
"577","25","9","574.33","662.02","12"
"578","25","9","574.33","651.02","6"
"579","26","9","574.34","585.02","0"
"580","26","9","574.34","607.02","2"
"581","26","9","574.36","596.02","2"
"582","26","9","574.37","596.02","2"
"583","26","9","574.39","596.02","2"
"584","1","21","574.4","585.02","1"
"585","6","23","574.4","1014.02","54"
"586","1","10","574.48","761.02","31"
"587","15","23","574.5","684.02","10"
"588","18","3","574.5","596.02","2"
"589","10","23","574.51","684.02","19"
"590","1","9","574.53","739.02","45"
"591","30","23","574.53","684.02","6"
"592","1","9","574.61","739.02","34"
"593","6","17","574.74","585.02","0"
"594","1","10","575.65","739.02","33"
"595","28","9","576.02","651.02","8"
"596","31","9","576.04","596.02","1"
"597","11","10","576.04","673.02","16"
"598","10","16","576.18","662.02","12"
"599","9","21","576.19","596.02","1"
"600","9","9","576.19","673.02","25"
"601","9","9","576.19","684.02","24"
"602","9","9","576.35","684.02","29"
"603","9","9","576.37","607.02","5"
"604","24","9","576.38","651.02","15"
"605","24","9","576.4","651.02","11"
"606","24","9","576.44","651.02","15"
"607","24","9","576.44","651.02","10"
"608","24","9","576.48","651.02","7"
"609","24","9","576.49","651.02","12"
"610","3","9","576.49","1828.02","417"
"611","5","16","576.52","761.02","28"
"612","3","9","576.52","1817.02","425"
"613","3","9","576.52","1322.02","193"
"614","3","10","576.69","1300.02","135"
"615","3","10","576.77","1300.02","120"
"616","13","19","576.87","596.02","1"
"617","31","23","577.02","739.02","8"
"618","31","23","577.02","684.02","10"
"619","18","3","577.02","673.02","3"
"620","18","3","577.02","651.02","1"
"621","3","17","577.02","1454.02","37"
"622","17","17","577.02","618.02","2"
"623","13","21","577.02","651.02","3"
"624","17","17","577.31","596.02","1"
"625","17","17","577.6","596.02","1"
"626","9","22","577.66","629.02","5"
"627","25","22","577.75","629.02","3"
"628","19","17","578.14","717.02","2"
"629","19","3","578.34","596.02","1"
"630","13","9","578.34","596.02","1"
"631","26","17","578.41","728.02","6"
"632","26","17","578.87","596.02","0"
"633","26","3","579.02","596.02","1"
"634","26","23","580.74","596.02","0"
"635","8","23","580.83","684.02","3"
"636","8","23","580.86","596.02","0"
"637","8","23","580.86","695.02","10"
"638","8","23","580.86","695.02","7"
"639","26","16","583.6","596.02","1"
"640","13","14","584.68","607.02","3"
"641","28","1","590.67","607.02","1"
"642","18","1","590.72","607.02","1"
"643","26","2","590.91","607.02","2"
"644","33","1","591.14","651.02","8"
"645","15","8","591.64","618.02","3"
"646","13","14","592.48","607.02","1"
"647","25","22","593.84","607.02","1"
"648","1","22","597.61","717.02","15"
"649","13","1","597.82","651.02","6"
"650","12","16","598.26","640.02","7"
"651","25","23","599.02","662.02","5"
"652","15","16","599.02","618.02","2"
"653","28","8","599.02","640.02","2"
"654","11","10","599.02","684.02","5"
"655","33","10","599.02","651.02","4"
"656","10","10","599.02","673.02","8"
"657","6","16","599.15","640.02","4"
"658","13","22","601.96","618.02","1"
"659","8","17","602.82","849.02","5"
"660","8","17","602.85","1014.02","15"
"661","1","17","604.51","618.02","0"
"662","23","13","609.51","640.02","3"
"663","33","22","609.51","629.02","1"
"664","28","22","610.02","673.02","3"
"665","25","23","610.02","651.02","1"
"666","25","23","610.02","673.02","6"
"667","25","23","610.02","651.02","4"
"668","25","17","610.02","750.02","6"
"669","1","17","610.02","750.02","3"
"670","19","23","610.79","684.02","14"
"671","10","11","612.67","673.02","5"
"672","33","23","612.72","684.02","4"
"673","33","23","612.82","684.02","3"
"674","30","23","612.83","684.02","4"
"675","30","23","612.85","629.02","0"
"676","18","9","612.86","673.02","10"
"677","18","9","612.86","673.02","14"
"678","9","9","612.86","673.02","17"
"679","9","9","612.86","673.02","16"
"680","13","9","612.87","662.02","5"
"681","13","9","612.87","651.02","11"
"682","31","9","612.87","662.02","3"
"683","31","9","612.88","662.02","5"
"684","31","10","612.92","651.02","6"
"685","31","23","612.92","662.02","5"
"686","17","10","612.92","662.02","4"
"687","31","23","612.94","684.02","9"
"688","17","19","613.24","629.02","1"
"689","17","19","613.27","629.02","1"
"690","26","9","613.3","651.02","6"
"691","26","9","613.32","651.02","2"
"692","26","9","613.32","651.02","2"
"693","26","9","613.33","651.02","6"
"694","30","11","613.33","629.02","1"
"695","26","19","613.33","629.02","1"
"696","32","10","613.76","651.02","2"
"697","32","19","613.77","629.02","1"
"698","32","10","613.77","651.02","3"
"699","32","10","613.78","651.02","3"
"700","16","10","613.78","651.02","3"
"701","16","10","613.8","651.02","2"
"702","16","10","614.46","651.02","2"
"703","28","4","617.04","629.02","1"
"704","13","20","617.34","629.02","1"
"705","16","19","617.37","673.02","4"
"706","22","1","617.43","629.02","1"
"707","9","18","619.02","640.02","2"
"708","31","17","621.02","750.02","1"
"709","30","17","621.02","761.02","6"
"710","32","17","621.02","772.02","4"
"711","28","23","625.48","651.02","6"
"712","16","23","625.72","695.02","8"
"713","15","9","626.32","684.02","11"
"714","26","7","628.09","640.02","1"
"715","12","6","628.42","640.02","1"
"716","13","8","628.89","640.02","1"
"717","22","9","629.52","651.02","4"
"718","22","9","629.52","662.02","3"
"719","22","9","629.52","662.02","3"
"720","22","8","629.54","640.02","1"
"721","29","9","629.54","651.02","2"
"722","29","9","629.56","662.02","2"
"723","29","9","629.56","662.02","2"
"724","17","23","629.57","684.02","3"
"725","29","9","629.57","651.02","2"
"726","29","9","629.57","640.02","0"
"727","29","9","629.57","651.02","2"
"728","21","9","629.59","662.02","3"
"729","21","9","629.59","662.02","2"
"730","21","9","629.59","651.02","5"
"731","17","23","629.6","783.02","11"
"732","21","9","629.6","662.02","3"
"733","21","9","629.6","651.02","4"
"734","22","23","629.6","684.02","3"
"735","21","9","629.6","662.02","2"
"736","27","9","629.61","651.02","2"
"737","22","23","629.61","651.02","4"
"738","22","23","629.63","640.02","0"
"739","27","23","630.11","651.02","0"
"740","27","23","630.37","717.02","6"
"741","27","9","630.82","651.02","2"
"742","27","23","630.82","651.02","2"
"743","32","21","631.03","651.02","1"
"744","32","23","631.22","651.02","0"
"745","26","9","631.25","651.02","1"
"746","33","9","631.25","651.02","1"
"747","22","9","631.39","651.02","2"
"748","26","23","631.48","651.02","1"
"749","26","23","631.56","651.02","1"
"750","22","23","631.61","651.02","0"
"751","9","8","631.68","662.02","2"
"752","22","23","631.73","651.02","0"
"753","13","23","631.76","673.02","2"
"754","13","23","631.76","651.02","0"
"755","23","17","632.02","673.02","2"
"756","1","17","632.02","772.02","3"
"757","13","17","632.02","761.02","1"
"758","19","17","632.02","761.02","3"
"759","17","1","632.02","684.02","4"
"760","17","1","632.02","673.02","2"
"761","27","9","632.02","717.02","5"
"762","27","9","632.02","717.02","6"
"763","27","9","632.02","706.02","6"
"764","20","9","632.02","739.02","21"
"765","20","10","632.02","717.02","5"
"766","20","10","632.02","739.02","6"
"767","20","10","632.02","717.02","2"
"768","14","1","632.53","651.02","1"
"769","14","9","633.63","651.02","1"
"770","14","9","633.67","651.02","1"
"771","14","10","633.91","651.02","1"
"772","17","16","647.73","673.02","2"
"773","9","2","652.32","673.02","1"
"774","12","11","652.96","673.02","1"
"775","6","16","653.21","673.02","1"
"776","18","11","654.02","706.02","2"
"777","20","23","654.02","772.02","5"
"778","20","23","654.02","794.02","6"
"779","20","23","654.02","783.02","8"
"780","21","23","654.02","717.02","3"
"781","21","23","654.02","739.02","10"
"782","21","23","654.02","849.02","15"
"783","21","23","654.02","772.02","2"
"784","21","23","654.02","761.02","7"
"785","21","3","654.02","706.02","2"
"786","21","17","654.02","673.02","1"
"787","21","17","654.02","805.02","2"
"788","21","17","654.02","816.02","3"
"789","21","17","654.02","816.02","2"
"790","19","17","654.02","684.02","2"
"791","27","19","654.02","684.02","1"
"792","31","19","654.02","717.02","1"
"793","31","19","654.02","739.02","1"
"794","22","19","654.02","717.02","1"
"795","19","11","654.13","673.02","1"
"796","27","21","654.62","673.02","1"
"797","22","1","654.68","673.02","1"
"798","17","13","665.77","695.02","2"
"799","27","22","675.71","695.02","1"
"800","4","13","676.02","750.02","3"
"801","7","22","676.5","717.02","2"
"802","7","22","676.64","695.02","1"
"803","7","17","687.02","816.02","2"
"804","18","11","687.87","706.02","1"
"805","27","9","688.05","706.02","2"
"806","31","9","688.06","706.02","2"
"807","31","9","688.08","706.02","2"
"808","21","9","688.08","739.02","7"
"809","21","9","688.11","783.02","16"
"810","21","9","688.11","783.02","10"
"811","21","9","688.33","783.02","14"
"812","17","9","688.33","706.02","7"
"813","17","9","688.34","783.02","24"
"814","17","9","688.34","717.02","4"
"815","17","9","688.37","706.02","6"
"816","22","9","688.45","706.02","2"
"817","22","9","688.45","706.02","2"
"818","22","9","688.51","706.02","1"
"819","22","9","688.54","706.02","1"
"820","11","9","688.54","717.02","3"
"821","11","9","688.67","717.02","2"
"822","11","9","688.67","717.02","2"
"823","11","9","688.7","706.02","1"
"824","8","1","688.73","1003.02","68"
"825","18","11","688.73","706.02","1"
"826","8","10","688.92","706.02","1"
"827","8","10","688.94","706.02","1"
"828","18","9","689.14","717.02","4"
"829","18","11","689.73","706.02","1"
"830","18","9","689.8","717.02","4"
"831","18","9","689.81","717.02","5"
"832","18","11","689.88","706.02","1"
"833","18","10","689.88","717.02","3"
"834","10","9","689.9","992.02","86"
"835","10","9","689.9","992.02","54"
"836","10","9","689.92","992.02","75"
"837","10","9","689.92","992.02","62"
"838","10","9","689.95","1190.02","103"
"839","19","10","689.97","706.02","1"
"840","19","9","689.97","706.02","1"
"841","18","11","690.56","706.02","1"
"842","18","2","694.7","706.02","0"
"843","10","7","695.62","706.02","1"
"844","10","7","697.03","717.02","1"
"845","22","23","697.37","717.02","2"
"846","11","22","698.02","739.02","1"
"847","2","22","698.02","893.02","19"
"848","21","16","698.02","761.02","6"
"849","22","2","698.02","750.02","1"
"850","31","23","698.06","717.02","1"
"851","7","8","698.09","827.02","16"
"852","7","23","698.14","893.02","27"
"853","31","23","698.14","717.02","1"
"854","22","2","698.28","717.02","0"
"855","31","23","699.04","717.02","0"
"856","8","22","699.67","717.02","1"
"857","8","23","700.17","970.02","18"
"858","10","3","708.75","728.02","1"
"859","7","1","709.02","816.02","16"
"860","18","1","712.91","750.02","4"
"861","21","18","713.2","739.02","2"
"862","11","11","713.82","761.02","7"
"863","4","17","720.02","1256.02","10"
"864","10","17","720.02","750.02","1"
"865","20","9","721.17","739.02","5"
"866","20","9","721.32","739.02","5"
"867","8","10","721.33","1003.02","46"
"868","8","9","721.33","992.02","65"
"869","8","10","721.33","992.02","44"
"870","11","9","721.38","761.02","3"
"871","11","9","721.38","739.02","5"
"872","11","9","721.43","761.02","3"
"873","31","9","721.43","739.02","4"
"874","31","10","721.52","739.02","2"
"875","31","9","721.57","739.02","5"
"876","18","9","721.57","739.02","4"
"877","18","5","722.6","739.02","1"
"878","18","10","722.64","739.02","1"
"879","17","10","722.67","794.02","7"
"880","17","9","722.69","783.02","5"
"881","17","9","722.69","783.02","9"
"882","17","9","722.7","739.02","1"
"883","25","9","722.7","739.02","2"
"884","25","10","722.7","739.02","1"
"885","25","9","722.71","750.02","2"
"886","25","10","722.75","739.02","1"
"887","26","9","722.75","739.02","3"
"888","26","9","722.81","761.02","3"
"889","26","9","722.81","739.02","4"
"890","26","10","722.86","739.02","2"
"891","26","9","722.9","761.02","3"
"892","6","10","723.02","992.02","43"
"893","6","9","723.14","1003.02","77"
"894","6","9","723.28","1003.02","75"
"895","6","9","723.28","992.02","75"
"896","6","9","723.3","992.02","86"
"897","22","9","723.31","739.02","1"
"898","22","9","723.31","739.02","2"
"899","22","9","723.31","739.02","2"
"900","22","9","723.33","739.02","2"
"901","22","9","723.34","739.02","1"
"902","19","9","723.5","860.02","21"
"903","19","9","723.5","739.02","4"
"904","19","19","723.56","739.02","1"
"905","19","9","723.56","761.02","4"
"906","19","9","723.58","761.02","4"
"907","15","9","723.58","750.02","6"
"908","15","9","723.61","761.02","4"
"909","15","21","723.8","739.02","1"
"910","15","9","723.88","739.02","1"
"911","15","10","723.91","739.02","1"
"912","30","10","723.94","739.02","1"
"913","30","9","724.08","739.02","2"
"914","21","16","724.2","750.02","2"
"915","30","10","724.36","750.02","2"
"916","30","19","724.38","739.02","1"
"917","32","9","724.48","739.02","2"
"918","32","10","724.48","739.02","1"
"919","32","9","724.48","739.02","2"
"920","32","9","724.56","739.02","2"
"921","32","9","724.56","739.02","2"
"922","13","9","724.61","739.02","2"
"923","13","9","724.63","739.02","1"
"924","13","9","724.8","739.02","1"
"925","13","21","724.92","739.02","1"
"926","7","23","725.02","783.02","3"
"927","13","9","725.06","739.02","1"
"928","27","9","725.21","739.02","0"
"929","27","9","725.22","739.02","1"
"930","27","9","725.22","739.02","2"
"931","27","9","725.22","739.02","2"
"932","27","9","725.25","739.02","1"
"933","27","9","725.27","739.02","1"
"934","7","23","725.46","739.02","0"
"935","7","23","725.54","739.02","0"
"936","7","23","726.03","739.02","0"
"937","12","10","726.09","871.02","19"
"938","11","11","726.1","739.02","1"
"939","12","9","726.11","992.02","41"
"940","12","9","726.11","860.02","29"
"941","12","19","726.11","739.02","1"
"942","16","10","726.11","937.02","26"
"943","12","9","726.11","992.02","42"
"944","16","9","726.12","783.02","12"
"945","20","23","726.12","750.02","3"
"946","20","23","726.12","739.02","1"
"947","16","9","726.12","783.02","8"
"948","16","9","726.12","783.02","10"
"949","16","10","726.19","739.02","1"
"950","9","9","726.2","783.02","11"
"951","20","23","726.23","739.02","1"
"952","20","23","726.25","739.02","1"
"953","21","23","726.26","739.02","1"
"954","9","9","726.28","783.02","8"
"955","15","23","726.28","739.02","0"
"956","26","23","726.28","739.02","1"
"957","9","9","726.28","783.02","9"
"958","9","9","726.3","739.02","0"
"959","17","23","726.34","739.02","0"
"960","6","23","726.42","1014.02","22"
"961","19","23","726.42","761.02","2"
"962","19","23","726.59","959.02","26"
"963","32","23","726.59","739.02","1"
"964","9","9","726.61","783.02","6"
"965","9","9","726.61","739.02","0"
"966","32","23","726.81","739.02","1"
"967","33","19","727.05","739.02","1"
"968","30","23","727.58","739.02","1"
"969","30","23","727.6","739.02","1"
"970","31","7","727.7","739.02","1"
"971","31","23","727.92","739.02","1"
"972","18","23","727.95","739.02","1"
"973","10","3","730.75","761.02","3"
"974","17","16","731.02","816.02","6"
"975","6","17","731.02","1003.02","4"
"976","26","17","731.02","794.02","3"
"977","26","17","731.02","838.02","4"
"978","12","17","731.02","1014.02","4"
"979","33","19","731.02","761.02","1"
"980","33","1","731.02","805.02","5"
"981","33","1","731.02","805.02","1"
"982","22","8","731.02","805.02","1"
"983","25","8","731.24","772.02","3"
"984","28","1","731.38","750.02","1"
"985","28","15","731.49","761.02","2"
"986","17","22","742.02","772.02","2"
"987","17","23","742.02","816.02","5"
"988","7","23","742.02","783.02","3"
"989","7","23","742.02","882.02","12"
"990","12","19","746.38","959.02","18"
"991","16","21","746.81","772.02","2"
"992","10","23","753.02","959.02","11"
"993","16","23","753.02","970.02","23"
"994","16","23","753.02","970.02","11"
"995","7","23","753.02","783.02","1"
"996","4","23","753.02","1289.02","48"
"997","4","23","753.02","1333.02","59"
"998","4","23","753.02","1256.02","56"
"999","4","23","753.02","1278.02","72"
"1000","4","23","753.02","1256.02","54"
"1001","4","23","753.02","1256.02","51"
"1002","33","23","753.02","849.02","2"
"1003","33","23","753.02","860.02","4"
"1004","33","23","753.02","849.02","1"
"1005","17","16","753.02","816.02","2"
"1006","4","16","753.02","926.02","18"
"1007","33","8","753.02","783.02","1"
"1008","21","21","753.02","805.02","2"
"1009","9","22","761.78","772.02","0"
"1010","21","22","764.02","816.02","2"
"1011","9","22","764.02","860.02","3"
"1012","33","19","764.02","838.02","2"
"1013","9","7","766.61","794.02","2"
"1014","19","10","769.65","970.02","25"
"1015","19","9","769.77","783.02","1"
"1016","19","9","769.79","783.02","1"
"1017","25","10","770.75","893.02","10"
"1018","25","10","770.87","783.02","0"
"1019","25","10","771.37","816.02","4"
"1020","22","10","771.45","783.02","1"
"1021","22","10","772.34","783.02","1"
"1022","5","17","775.02","1410.02","14"
"1023","33","17","775.02","805.02","1"
"1024","22","10","775.02","959.02","14"
"1025","25","10","775.02","816.02","1"
"1026","10","3","775.25","805.02","3"
"1027","21","3","775.87","805.02","3"
"1028","25","12","779.94","794.02","1"
"1029","17","18","782.49","794.02","1"
"1030","25","9","785.43","849.02","10"
"1031","21","9","785.44","827.02","5"
"1032","21","9","785.44","816.02","3"
"1033","21","9","785.44","816.02","2"
"1034","19","9","785.46","860.02","12"
"1035","19","9","785.46","860.02","17"
"1036","19","9","785.47","860.02","15"
"1037","22","9","785.47","860.02","15"
"1038","22","9","785.47","860.02","9"
"1039","22","9","785.53","849.02","6"
"1040","17","9","785.87","805.02","1"
"1041","17","9","785.89","860.02","8"
"1042","17","9","785.89","816.02","4"
"1043","16","9","785.97","860.02","14"
"1044","8","16","786.02","893.02","11"
"1045","10","17","786.02","1443.02","20"
"1046","10","17","786.02","1047.02","5"
"1047","19","18","786.02","816.02","1"
"1048","16","1","786.02","926.02","22"
"1049","16","1","786.02","849.02","4"
"1050","9","9","786.43","937.02","47"
"1051","9","9","786.53","970.02","53"
"1052","16","11","786.53","838.02","7"
"1053","9","9","786.59","970.02","51"
"1054","9","9","786.75","937.02","32"
"1055","26","9","786.78","849.02","10"
"1056","26","9","786.78","860.02","12"
"1057","25","11","786.94","816.02","3"
"1058","25","11","787.06","805.02","1"
"1059","26","9","787.06","849.02","9"
"1060","26","9","787.66","849.02","10"
"1061","26","9","787.74","827.02","5"
"1062","7","3","790.44","805.02","1"
"1063","20","9","795.4","816.02","1"
"1064","20","9","795.42","849.02","13"
"1065","20","9","795.48","816.02","1"
"1066","20","9","795.48","816.02","1"
"1067","20","9","795.78","849.02","6"
"1068","9","9","796.76","937.02","27"
"1069","17","9","796.76","816.02","2"
"1070","17","9","796.77","849.02","6"
"1071","33","23","796.78","816.02","0"
"1072","20","9","796.78","860.02","6"
"1073","26","22","797.02","827.02","1"
"1074","7","11","797.02","816.02","2"
"1075","9","18","797.02","838.02","1"
"1076","31","10","797.02","849.02","3"
"1077","31","10","797.02","849.02","3"
"1078","31","10","797.02","849.02","1"
"1079","31","10","797.02","849.02","1"
"1080","19","2","807.63","827.02","1"
"1081","10","23","808.02","959.02","23"
"1082","31","16","808.02","849.02","3"
"1083","17","8","808.02","915.02","10"
"1084","25","2","809.33","827.02","1"
"1085","22","21","809.81","871.02","6"
"1086","22","3","810.2","860.02","5"
"1087","21","13","817.11","838.02","1"
"1088","20","23","819.02","838.02","2"
"1089","19","17","819.02","849.02","5"
"1090","22","17","819.02","838.02","2"
"1091","20","1","819.02","882.02","2"
"1092","17","1","819.02","838.02","1"
"1093","17","10","819.02","926.02","13"
"1094","25","1","819.5","838.02","1"
"1095","25","1","819.84","838.02","1"
"1096","7","13","820.16","838.02","2"
"1097","17","23","820.83","838.02","0"
"1098","7","10","821.8","849.02","5"
"1099","25","23","821.82","838.02","1"
"1100","7","23","821.83","838.02","0"
"1101","7","23","821.83","1047.02","24"
"1102","20","23","821.87","838.02","2"
"1103","20","11","822.88","838.02","1"
"1104","20","4","824.13","838.02","1"
"1105","25","16","825.04","838.02","0"
"1106","21","10","827.09","838.02","0"
"1107","26","9","829.16","849.02","2"
"1108","21","9","829.46","849.02","3"
"1109","21","9","829.57","849.02","3"
"1110","33","10","829.59","849.02","1"
"1111","33","9","829.65","849.02","2"
"1112","33","9","829.65","849.02","2"
"1113","1","9","829.67","1817.02","335"
"1114","1","9","829.76","1817.02","325"
"1115","1","9","829.8","1817.02","280"
"1116","1","9","829.8","1817.02","326"
"1117","1","10","829.84","1817.02","211"
"1118","26","22","830.02","915.02","1"
"1119","21","22","830.02","959.02","3"
"1120","19","16","830.02","860.02","2"
"1121","20","17","830.02","992.02","1"
"1122","20","17","830.02","882.02","2"
"1123","7","8","830.02","871.02","2"
"1124","32","9","830.97","849.02","1"
"1125","32","9","831","849.02","1"
"1126","32","8","831.9","849.02","1"
"1127","25","2","831.96","849.02","0"
"1128","33","7","834.01","849.02","1"
"1129","32","21","834.85","849.02","1"
"1130","7","23","841.02","1003.02","12"
"1131","7","23","841.02","871.02","3"
"1132","7","23","841.02","871.02","1"
"1133","26","2","841.02","915.02","4"
"1134","9","18","848.72","871.02","2"
"1135","16","18","848.74","860.02","1"
"1136","1","3","848.74","860.02","1"
"1137","1","11","848.95","871.02","2"
"1138","8","11","852.02","893.02","2"
"1139","16","13","858.6","882.02","3"
"1140","10","14","861.77","882.02","1"
"1141","17","10","861.89","926.02","8"
"1142","17","1","862.74","882.02","1"
"1143","22","19","863.02","893.02","2"
"1144","22","1","863.02","882.02","1"
"1145","1","17","864.76","882.02","0"
"1146","1","16","866.09","1102.02","22"
"1147","22","16","866.59","882.02","1"
"1148","12","9","869.75","882.02","2"
"1149","22","3","870.23","882.02","1"
"1150","9","3","870.32","926.02","5"
"1151","16","9","870.57","893.02","2"
"1152","16","17","871.87","882.02","1"
"1153","17","8","873.31","893.02","1"
"1154","1","23","874.02","1861.02","82"
"1155","9","23","874.02","1003.02","6"
"1156","9","23","874.02","992.02","4"
"1157","9","3","874.02","926.02","3"
"1158","22","3","874.02","915.02","1"
"1159","12","10","874.02","970.02","13"
"1160","20","10","874.02","937.02","8"
"1161","20","10","881.28","893.02","0"
"1162","20","10","881.48","970.02","9"
"1163","19","5","881.72","893.02","1"
"1164","1","17","885.02","1399.02","23"
"1165","10","17","885.02","1025.02","4"
"1166","17","17","885.02","1157.02","7"
"1167","17","17","885.02","937.02","3"
"1168","20","1","885.02","926.02","5"
"1169","22","1","885.02","992.02","6"
"1170","19","1","885.46","1003.02","17"
"1171","19","1","885.61","970.02","9"
"1172","20","17","886.7","1069.02","7"
"1173","17","21","890.34","904.02","1"
"1174","16","13","893.67","904.02","1"
"1175","17","22","896.02","937.02","1"
"1176","2","22","896.02","1036.02","19"
"1177","20","13","896.02","1047.02","1"
"1178","12","22","897.6","1003.02","9"
"1179","12","16","897.77","915.02","1"
"1180","8","23","898.94","915.02","0"
"1181","8","16","899.19","915.02","1"
"1182","16","7","899.58","948.02","4"
"1183","16","16","899.68","926.02","3"
"1184","19","9","899.68","970.02","11"
"1185","22","9","899.68","970.02","11"
"1186","22","9","899.83","915.02","1"
"1187","26","9","899.83","970.02","9"
"1188","26","9","899.84","970.02","8"
"1189","26","9","899.84","970.02","9"
"1190","26","9","899.94","915.02","2"
"1191","26","9","899.95","915.02","3"
"1192","21","9","900.02","970.02","9"
"1193","21","10","900.17","970.02","6"
"1194","21","10","900.62","970.02","6"
"1195","16","4","900.69","915.02","1"
"1196","7","10","900.81","926.02","3"
"1197","21","9","900.81","915.02","1"
"1198","16","16","900.83","915.02","2"
"1199","7","9","901.08","915.02","1"
"1200","7","9","901.08","937.02","7"
"1201","7","9","901.41","937.02","12"
"1202","25","10","901.41","915.02","1"
"1203","25","10","901.41","915.02","2"
"1204","25","9","901.43","915.02","1"
"1205","25","19","901.54","915.02","1"
"1206","21","11","901.77","937.02","5"
"1207","33","9","902.16","915.02","1"
"1208","33","9","902.19","915.02","1"
"1209","33","9","902.2","915.02","1"
"1210","33","9","902.21","915.02","1"
"1211","33","9","902.21","915.02","1"
"1212","33","9","902.21","915.02","1"
"1213","31","9","902.25","915.02","1"
"1214","31","9","902.26","915.02","1"
"1215","31","9","902.3","915.02","1"
"1216","31","9","902.3","915.02","1"
"1217","31","9","902.31","915.02","1"
"1218","31","9","902.31","915.02","1"
"1219","32","10","902.4","915.02","1"
"1220","32","10","902.4","915.02","1"
"1221","32","9","902.42","915.02","1"
"1222","32","9","902.44","915.02","1"
"1223","32","9","902.44","915.02","0"
"1224","11","10","902.92","937.02","3"
"1225","11","10","903.02","915.02","1"
"1226","11","10","903.02","926.02","3"
"1227","11","10","903.04","926.02","3"
"1228","28","10","903.04","915.02","1"
"1229","28","19","903.06","926.02","2"
"1230","11","11","903.11","937.02","4"
"1231","28","10","903.17","915.02","1"
"1232","28","9","903.25","915.02","1"
"1233","15","9","903.25","937.02","2"
"1234","15","9","903.27","937.02","2"
"1235","15","9","903.3","937.02","6"
"1236","15","10","903.3","937.02","3"
"1237","15","10","903.86","915.02","0"
"1238","30","10","903.86","915.02","0"
"1239","22","8","903.89","915.02","1"
"1240","7","8","904.4","915.02","1"
"1241","30","10","905.61","937.02","2"
"1242","19","23","906.43","1047.02","9"
"1243","17","21","906.9","926.02","1"
"1244","16","22","907.02","937.02","2"
"1245","30","22","907.02","1014.02","4"
"1246","30","22","907.02","1080.02","5"
"1247","19","23","907.02","959.02","6"
"1248","16","23","907.02","926.02","1"
"1249","32","16","907.02","992.02","4"
"1250","15","16","907.02","926.02","2"
"1251","30","19","907.02","937.02","1"
"1252","16","23","907.2","926.02","1"
"1253","28","23","907.76","926.02","1"
"1254","16","17","909.05","1036.02","2"
"1255","28","17","909.41","926.02","0"
"1256","28","17","910.81","926.02","0"
"1257","12","17","918.02","959.02","6"
"1258","8","17","918.02","1179.02","11"
"1259","7","9","918.35","937.02","1"
"1260","15","9","918.36","937.02","1"
"1261","26","9","918.36","970.02","5"
"1262","26","9","918.36","970.02","5"
"1263","26","9","918.36","970.02","5"
"1264","21","9","918.37","970.02","6"
"1265","22","9","918.38","992.02","5"
"1266","22","9","918.38","970.02","5"
"1267","30","9","918.4","970.02","5"
"1268","11","9","918.4","937.02","1"
"1269","28","9","918.41","937.02","1"
"1270","28","9","918.43","937.02","1"
"1271","28","9","918.55","937.02","1"
"1272","8","17","919.82","937.02","0"
"1273","22","17","919.89","937.02","1"
"1274","30","18","930.99","981.02","3"
"1275","30","18","931.3","948.02","2"
"1276","20","8","932.85","959.02","3"
"1277","7","21","934.83","981.02","5"
"1278","7","23","936.85","1014.02","5"
"1279","8","11","939.34","970.02","3"
"1280","21","23","939.7","959.02","1"
"1281","20","8","939.74","959.02","2"
"1282","20","11","939.98","959.02","1"
"1283","20","23","940.02","1058.02","7"
"1284","20","23","940.02","1014.02","1"
"1285","20","23","940.02","1058.02","5"
"1286","20","23","940.02","1003.02","5"
"1287","9","23","940.02","959.02","2"
"1288","9","23","940.02","1003.02","1"
"1289","9","23","940.02","959.02","1"
"1290","9","23","940.02","1113.02","17"
"1291","9","19","940.02","981.02","1"
"1292","30","1","940.02","1047.02","7"
"1293","30","10","940.02","1003.02","4"
"1294","7","10","940.02","1058.02","15"
"1295","7","19","940.04","1003.02","6"
"1296","7","3","940.04","992.02","4"
"1297","22","16","940.34","1003.02","4"
"1298","7","11","940.82","1058.02","10"
"1299","9","8","940.86","992.02","7"
"1300","9","3","941.33","959.02","1"
"1301","16","10","941.36","970.02","2"
"1302","16","10","941.36","970.02","2"
"1303","16","10","941.43","1003.02","4"
"1304","32","10","941.44","959.02","1"
"1305","32","9","941.45","970.02","2"
"1306","7","23","941.45","1003.02","2"
"1307","32","10","941.45","959.02","1"
"1308","7","23","941.45","1014.02","11"
"1309","32","10","941.47","959.02","1"
"1310","16","23","941.47","959.02","1"
"1311","17","9","941.47","992.02","3"
"1312","17","10","941.47","970.02","2"
"1313","17","10","941.48","970.02","2"
"1314","17","9","941.48","992.02","4"
"1315","17","9","941.48","970.02","2"
"1316","15","9","941.5","992.02","5"
"1317","15","9","941.51","992.02","6"
"1318","15","9","941.51","992.02","8"
"1319","7","17","941.55","959.02","0"
"1320","15","9","941.56","992.02","7"
"1321","16","23","941.57","959.02","1"
"1322","15","9","941.71","992.02","7"
"1323","15","9","941.71","992.02","5"
"1324","9","17","941.73","970.02","4"
"1325","28","10","941.73","959.02","1"
"1326","28","9","941.92","970.02","2"
"1327","28","9","941.95","970.02","2"
"1328","28","9","941.95","970.02","2"
"1329","28","9","942.07","959.02","1"
"1330","16","3","942.26","959.02","1"
"1331","4","17","951.02","1256.02","12"
"1332","30","2","951.69","970.02","1"
"1333","16","18","959.73","970.02","1"
"1334","22","16","961.26","1003.02","2"
"1335","22","16","961.64","1003.02","3"
"1336","7","17","962.02","1113.02","1"
"1337","10","17","962.02","1025.02","1"
"1338","10","18","962.02","1003.02","1"
"1339","19","18","962.02","1036.02","2"
"1340","12","19","962.02","1003.02","2"
"1341","20","19","962.02","1025.02","3"
"1342","12","14","964.56","981.02","1"
"1343","19","7","965.54","981.02","1"
"1344","22","16","967.69","1003.02","2"
"1345","20","7","968.55","981.02","1"
"1346","12","10","976.93","1003.02","2"
"1347","20","10","976.93","992.02","2"
"1348","30","9","976.94","992.02","1"
"1349","9","9","976.94","992.02","1"
"1350","9","9","976.94","992.02","1"
"1351","22","10","976.98","992.02","1"
"1352","19","9","977.01","992.02","2"
"1353","22","10","979.14","992.02","1"
"1354","19","10","981.3","992.02","1"
"1355","19","10","981.3","992.02","1"
"1356","7","11","984.02","1025.02","1"
"1357","12","16","984.02","1069.02","4"
"1358","19","16","984.02","1058.02","4"
"1359","9","19","984.02","1058.02","1"
"1360","8","7","990.12","1003.02","1"
"1361","7","17","995.02","1311.02","11"
"1362","30","21","999.12","1014.02","1"
"1363","30","9","1006.9","1069.02","12"
"1364","7","10","1007.08","1080.02","6"
"1365","7","9","1007.21","1102.02","12"
"1366","20","9","1007.21","1058.02","8"
"1367","10","10","1007.73","1146.02","15"
"1368","10","9","1007.98","1102.02","16"
"1369","10","9","1007.99","1190.02","22"
"1370","7","2","1008.01","1025.02","1"
"1371","20","9","1008.09","1058.02","7"
"1372","9","9","1008.09","1058.02","12"
"1373","9","10","1008.27","1058.02","4"
"1374","9","9","1008.27","1047.02","3"
"1375","5","1","1008.62","1223.02","37"
"1376","5","9","1008.64","1201.02","45"
"1377","5","9","1008.64","1201.02","36"
"1378","5","9","1008.7","1190.02","49"
"1379","19","9","1008.71","1146.02","16"
"1380","19","9","1008.71","1102.02","11"
"1381","19","9","1008.73","1135.02","16"
"1382","19","9","1008.77","1102.02","12"
"1383","19","9","1008.77","1102.02","12"
"1384","10","8","1009.93","1036.02","2"
"1385","7","7","1010.19","1025.02","1"
"1386","6","10","1010.5","1234.02","29"
"1387","6","9","1010.86","1102.02","18"
"1388","6","9","1010.87","1025.02","1"
"1389","6","9","1010.87","1102.02","21"
"1390","20","14","1011.01","1025.02","1"
"1391","6","9","1011.06","1102.02","14"
"1392","12","9","1011.06","1102.02","14"
"1393","12","10","1011.61","1256.02","28"
"1394","10","23","1017.02","1245.02","18"
"1395","20","17","1017.02","1091.02","1"
"1396","9","8","1017.02","1036.02","1"
"1397","20","23","1018.97","1058.02","3"
"1398","19","3","1019.32","1058.02","3"
"1399","19","23","1020.56","1036.02","0"
"1400","30","10","1021.04","1058.02","4"
"1401","12","10","1021.12","1080.02","5"
"1402","6","23","1022.24","1036.02","0"
"1403","6","23","1022.85","1036.02","0"
"1404","7","23","1023.34","1047.02","4"
"1405","30","9","1024.39","1069.02","7"
"1406","12","9","1024.4","1300.02","36"
"1407","12","9","1024.41","1201.02","30"
"1408","8","9","1024.41","1102.02","20"
"1409","8","9","1024.42","1102.02","19"
"1410","8","9","1024.46","1146.02","16"
"1411","8","9","1024.48","1036.02","0"
"1412","8","9","1024.59","1135.02","20"
"1413","16","10","1024.65","1058.02","4"
"1414","16","10","1024.95","1036.02","1"
"1415","30","23","1026.26","1047.02","1"
"1416","7","23","1026.27","1047.02","1"
"1417","7","23","1026.29","1047.02","1"
"1418","8","23","1026.3","1047.02","1"
"1419","10","23","1028.02","1047.02","2"
"1420","6","21","1032.76","1047.02","1"
"1421","20","9","1032.87","1058.02","2"
"1422","16","9","1032.94","1069.02","2"
"1423","16","1","1032.94","1047.02","1"
"1424","17","1","1033.04","1047.02","1"
"1425","17","1","1033.14","1047.02","1"
"1426","17","9","1035.18","1058.02","2"
"1427","17","10","1035.8","1058.02","3"
"1428","16","3","1035.95","1047.02","1"
"1429","22","10","1036.03","1047.02","1"
"1430","19","11","1039.02","1080.02","6"
"1431","6","16","1039.02","1091.02","2"
"1432","8","19","1039.02","1124.02","2"
"1433","16","19","1039.5","1058.02","1"
"1434","8","2","1039.89","1058.02","2"
"1435","22","10","1043.38","1058.02","1"
"1436","22","10","1043.38","1058.02","1"
"1437","22","10","1043.38","1058.02","1"
"1438","15","10","1043.38","1069.02","3"
"1439","15","10","1043.39","1080.02","2"
"1440","15","10","1043.43","1080.02","3"
"1441","15","10","1043.44","1069.02","2"
"1442","32","10","1043.47","1058.02","1"
"1443","15","17","1050.02","1069.02","1"
"1444","6","5","1051.28","1069.02","1"
"1445","8","18","1054.36","1069.02","1"
"1446","7","13","1057.9","1069.02","1"
"1447","10","8","1058.42","1102.02","4"
"1448","22","21","1058.43","1080.02","2"
"1449","19","11","1061.02","1190.02","11"
"1450","15","16","1061.02","1102.02","1"
"1451","8","16","1061.02","1102.02","1"
"1452","7","8","1061.02","1091.02","4"
"1453","2","21","1061.02","1113.02","3"
"1454","30","1","1062.42","1080.02","1"
"1455","10","2","1062.43","1080.02","0"
"1456","19","3","1062.73","1091.02","2"
"1457","30","1","1063.21","1080.02","1"
"1458","22","1","1063.25","1080.02","2"
"1459","22","1","1064.3","1080.02","1"
"1460","22","1","1064.34","1080.02","1"
"1461","7","22","1065.74","1080.02","1"
"1462","19","3","1069.64","1080.02","1"
"1463","12","16","1072.02","1190.02","2"
"1464","10","16","1072.02","1190.02","3"
"1465","22","17","1072.02","1091.02","3"
"1466","22","17","1072.02","1091.02","1"
"1467","22","17","1072.02","1300.02","4"
"1468","22","17","1072.02","1377.02","1"
"1469","8","2","1072.02","1201.02","2"
"1470","7","9","1075.72","1091.02","2"
"1471","2","9","1075.73","1256.02","76"
"1472","30","9","1079.03","1091.02","1"
"1473","30","9","1079.04","1091.02","1"
"1474","15","9","1079.07","1091.02","0"
"1475","15","9","1079.07","1102.02","3"
"1476","15","9","1079.26","1102.02","3"
"1477","30","18","1080.92","1091.02","1"
"1478","19","23","1082.14","1135.02","2"
"1479","19","23","1082.6","1124.02","8"
"1480","2","23","1082.7","1102.02","0"
"1481","2","23","1083.02","1124.02","3"
"1482","10","18","1083.02","1113.02","2"
"1483","12","1","1083.02","1113.02","2"
"1484","15","10","1083.82","1102.02","1"
"1485","2","7","1084.38","1113.02","2"
"1486","15","1","1084.55","1102.02","1"
"1487","6","23","1087.46","1124.02","4"
"1488","6","23","1087.67","1102.02","0"
"1489","6","22","1090.47","1135.02","3"
"1490","7","4","1090.73","1102.02","1"
"1491","7","22","1090.85","1102.02","1"
"1492","8","17","1094.02","1135.02","2"
"1493","6","17","1094.02","1234.02","3"
"1494","7","19","1094.02","1124.02","1"
"1495","15","23","1098.96","1124.02","2"
"1496","10","10","1104.33","1146.02","5"
"1497","19","11","1105.02","1135.02","2"
"1498","1","23","1105.02","1817.02","54"
"1499","2","23","1105.02","1124.02","1"
"1500","10","23","1105.02","1212.02","6"
"1501","19","9","1105.02","1135.02","3"
"1502","6","10","1105.02","1201.02","8"
"1503","6","19","1105.67","1124.02","1"
"1504","19","19","1108.19","1124.02","1"
"1505","7","9","1108.45","1146.02","3"
"1506","12","9","1108.71","1201.02","7"
"1507","12","1","1115.79","1146.02","2"
"1508","2","22","1116.02","1157.02","2"
"1509","10","2","1116.02","1190.02","1"
"1510","8","1","1116.77","1146.02","2"
"1511","6","3","1116.77","1135.02","1"
"1512","7","8","1117.61","1135.02","2"
"1513","7","9","1118.33","1146.02","5"
"1514","7","1","1118.7","1223.02","12"
"1515","22","21","1119.94","1135.02","1"
"1516","2","9","1127.02","1256.02","27"
"1517","7","9","1127.02","1190.02","9"
"1518","6","10","1127.02","1201.02","10"
"1519","8","10","1127.02","1146.02","1"
"1520","19","10","1127.02","1146.02","1"
"1521","6","16","1130.84","1223.02","12"
"1522","22","15","1134.97","1146.02","1"
"1523","6","15","1138.02","1212.02","1"
"1524","10","16","1138.02","1190.02","1"
"1525","8","17","1138.02","1157.02","1"
"1526","7","3","1139.35","1190.02","6"
"1527","7","23","1145.04","1157.02","0"
"1528","8","5","1145.04","1157.02","1"
"1529","19","19","1145.37","1157.02","1"
"1530","19","13","1146.37","1157.02","1"
"1531","7","8","1147.24","1190.02","8"
"1532","22","5","1147.24","1168.02","1"
"1533","12","13","1149.02","1223.02","1"
"1534","7","19","1149.02","1190.02","3"
"1535","19","21","1149.78","1190.02","4"
"1536","7","23","1152.49","1223.02","6"
"1537","19","10","1152.49","1223.02","5"
"1538","10","10","1152.52","1201.02","5"
"1539","10","23","1152.52","1223.02","5"
"1540","8","10","1152.52","1168.02","1"
"1541","8","1","1155.81","1168.02","1"
"1542","10","9","1155.88","1256.02","13"
"1543","8","9","1155.92","1168.02","1"
"1544","22","9","1155.96","1190.02","5"
"1545","22","9","1156.01","1190.02","3"
"1546","22","9","1156.01","1179.02","3"
"1547","22","9","1156.05","1179.02","2"
"1548","17","9","1156.05","1190.02","9"
"1549","17","9","1156.13","1190.02","6"
"1550","17","9","1156.13","1201.02","6"
"1551","17","9","1156.13","1190.02","4"
"1552","17","9","1156.14","1190.02","6"
"1553","15","9","1156.14","1190.02","3"
"1554","15","1","1156.17","1168.02","1"
"1555","15","9","1156.22","1190.02","3"
"1556","15","9","1156.23","1179.02","4"
"1557","15","9","1157.48","1179.02","2"
"1558","9","9","1157.5","1201.02","10"
"1559","9","9","1157.61","1201.02","7"
"1560","9","1","1157.62","1179.02","2"
"1561","9","9","1157.62","1190.02","12"
"1562","9","9","1157.68","1201.02","7"
"1563","30","9","1157.68","1168.02","1"
"1564","7","23","1157.76","1201.02","3"
"1565","7","23","1157.86","1223.02","7"
"1566","30","10","1157.89","1190.02","5"
"1567","30","10","1157.89","1190.02","4"
"1568","30","9","1158.01","1168.02","1"
"1569","30","9","1158.04","1179.02","1"
"1570","20","9","1158.06","1190.02","5"
"1571","20","9","1158.07","1190.02","3"
"1572","20","9","1158.1","1190.02","3"
"1573","20","9","1158.17","1201.02","3"
"1574","20","9","1158.21","1190.02","2"
"1575","20","9","1158.21","1190.02","3"
"1576","16","9","1158.21","1190.02","9"
"1577","16","9","1158.21","1190.02","10"
"1578","16","10","1158.29","1223.02","5"
"1579","16","10","1158.44","1201.02","3"
"1580","2","22","1159.62","1212.02","5"
"1581","17","22","1159.89","1201.02","2"
"1582","7","16","1160.02","1190.02","2"
"1583","30","16","1160.02","1278.02","4"
"1584","17","17","1160.02","1201.02","2"
"1585","10","17","1160.02","1201.02","5"
"1586","10","17","1160.02","1311.02","4"
"1587","19","1","1160.02","1212.02","1"
"1588","22","16","1160.15","1179.02","2"
"1589","16","22","1160.66","1190.02","2"
"1590","22","16","1160.98","1179.02","1"
"1591","16","16","1161.56","1190.02","2"
"1592","16","16","1161.84","1179.02","1"
"1593","19","22","1161.95","1179.02","1"
"1594","15","23","1162.82","1201.02","3"
"1595","15","23","1162.85","1234.02","3"
"1596","9","18","1163.5","1179.02","1"
"1597","9","23","1163.67","1190.02","11"
"1598","19","23","1170.31","1245.02","3"
"1599","19","23","1170.36","1190.02","5"
"1600","22","4","1170.58","1190.02","1"
"1601","15","22","1171.02","1245.02","4"
"1602","9","17","1171.02","1190.02","2"
"1603","30","19","1171.02","1212.02","1"
"1604","19","7","1171.17","1201.02","2"
"1605","32","10","1171.87","1190.02","1"
"1606","32","19","1172.6","1190.02","1"
"1607","30","23","1173.26","1190.02","1"
"1608","30","23","1174.09","1190.02","1"
"1609","22","8","1175.37","1190.02","1"
"1610","32","23","1176.05","1190.02","1"
"1611","32","23","1176.38","1190.02","1"
"1612","10","23","1193.02","1245.02","3"
"1613","10","23","1193.02","1212.02","1"
"1614","10","23","1193.02","1289.02","2"
"1615","10","23","1193.02","1300.02","3"
"1616","10","23","1193.02","1300.02","3"
"1617","10","23","1193.02","1333.02","2"
"1618","10","23","1193.02","1300.02","1"
"1619","10","23","1193.02","1333.02","2"
"1620","10","23","1193.02","1289.02","2"
"1621","10","23","1193.02","1289.02","1"
"1622","10","23","1193.02","1322.02","2"
"1623","9","23","1193.02","1388.02","1"
"1624","9","23","1193.02","1410.02","6"
"1625","9","19","1197.98","1212.02","1"
"1626","10","13","1204.02","1355.02","1"
"1627","12","9","1204.02","1300.02","12"
"1628","12","9","1204.02","1256.02","5"
"1629","6","9","1204.02","1223.02","2"
"1630","6","10","1204.02","1223.02","1"
"1631","5","10","1204.02","1267.02","6"
"1632","5","10","1204.02","1267.02","6"
"1633","7","10","1204.02","1234.02","2"
"1634","7","10","1204.02","1234.02","2"
"1635","9","10","1204.02","1256.02","1"
"1636","9","10","1204.02","1256.02","1"
"1637","30","10","1204.02","1289.02","1"
"1638","5","9","1204.03","1388.02","29"
"1639","10","11","1204.38","1223.02","1"
"1640","7","9","1204.84","1256.02","5"
"1641","9","9","1204.88","1223.02","1"
"1642","19","21","1205.18","1223.02","1"
"1643","30","10","1205.25","1223.02","1"
"1644","30","10","1205.47","1223.02","1"
"1645","15","10","1205.88","1223.02","1"
"1646","19","8","1205.92","1245.02","4"
"1647","15","10","1205.92","1223.02","1"
"1648","6","3","1207.67","1223.02","1"
"1649","19","3","1209.49","1223.02","1"
"1650","15","9","1209.65","1278.02","5"
"1651","15","9","1210.13","1223.02","0"
"1652","16","9","1210.21","1256.02","4"
"1653","16","9","1210.21","1223.02","1"
"1654","16","9","1212.81","1223.02","1"
"1655","16","9","1212.88","1223.02","1"
"1656","7","17","1215.02","1410.02","1"
"1657","5","17","1215.02","1278.02","1"
"1658","10","18","1219.85","1234.02","1"
"1659","12","1","1227.36","1245.02","3"
"1660","15","9","1227.98","1278.02","4"
"1661","15","9","1227.98","1256.02","3"
"1662","5","1","1228.51","1256.02","2"
"1663","5","2","1230.53","1256.02","2"
"1664","10","2","1230.68","1256.02","2"
"1665","10","4","1237.39","1256.02","1"
"1666","2","19","1238.39","1278.02","3"
"1667","10","11","1255.26","1278.02","2"
"1668","12","22","1257.76","1278.02","1"
"1669","5","1","1258.26","1311.02","7"
"1670","5","11","1259.02","1278.02","1"
"1671","5","16","1259.02","1278.02","1"
"1672","4","16","1259.02","1311.02","1"
"1673","4","16","1259.02","1388.02","6"
"1674","4","16","1259.02","1366.02","2"
"1675","4","17","1259.02","1553.02","7"
"1676","2","19","1259.02","1355.02","1"
"1677","4","3","1263.36","1300.02","2"
"1678","10","10","1271.15","1289.02","1"
"1679","4","10","1271.18","1289.02","1"
"1680","5","10","1271.19","1289.02","1"
"1681","2","1","1275.59","1300.02","2"
"1682","10","3","1281.02","1333.02","1"
"1683","2","1","1282.88","1300.02","1"
"1684","5","9","1284.39","1300.02","1"
"1685","4","21","1284.59","1300.02","1"
"1686","5","9","1284.64","1300.02","1"
"1687","2","8","1286.43","1300.02","1"
"1688","2","11","1297.4","1311.02","1"
"1689","3","9","1303.02","1817.02","159"
"1690","3","9","1303.02","1817.02","154"
"1691","10","10","1303.02","1322.02","1"
"1692","10","10","1304.31","1322.02","1"
"1693","5","10","1304.31","1322.02","1"
"1694","2","9","1304.82","1322.02","1"
"1695","5","10","1306.18","1322.02","1"
"1696","2","21","1310.77","1333.02","2"
"1697","10","17","1314.02","1850.02","12"
"1698","10","17","1314.02","1377.02","2"
"1699","10","11","1318.98","1333.02","1"
"1700","5","1","1319.24","1388.02","7"
"1701","3","22","1324.67","1388.02","5"
"1702","10","1","1325.02","1377.02","4"
"1703","10","10","1328.48","1344.02","1"
"1704","2","10","1329.01","1696.02","77"
"1705","2","10","1330.25","1377.02","7"
"1706","5","10","1331.71","1817.02","91"
"1707","3","9","1335.67","1828.02","105"
"1708","5","10","1335.94","1377.02","3"
"1709","10","9","1335.94","1388.02","9"
"1710","10","23","1336.02","1377.02","1"
"1711","5","23","1336.02","1828.02","38"
"1712","2","19","1336.02","1465.02","3"
"1713","9","10","1336.02","1377.02","2"
"1714","9","10","1336.02","1366.02","3"
"1715","9","9","1336.02","1388.02","10"
"1716","2","11","1338.2","1388.02","5"
"1717","9","9","1339.72","1377.02","8"
"1718","4","9","1340.24","1355.02","1"
"1719","4","9","1340.25","1487.02","30"
"1720","4","9","1340.26","1498.02","37"
"1721","4","9","1340.26","1388.02","5"
"1722","5","23","1342.07","1817.02","42"
"1723","9","11","1342.09","1355.02","1"
"1724","9","23","1343.02","1377.02","2"
"1725","4","9","1343.03","1388.02","3"
"1726","7","9","1343.06","1377.02","2"
"1727","7","9","1343.06","1388.02","8"
"1728","9","11","1343.19","1355.02","1"
"1729","4","3","1345.3","1432.02","7"
"1730","7","10","1348.7","1366.02","1"
"1731","5","14","1348.73","1366.02","1"
"1732","7","10","1348.73","1377.02","4"
"1733","4","23","1348.9","1817.02","35"
"1734","7","9","1349.07","1377.02","3"
"1735","10","9","1349.07","1377.02","2"
"1736","22","9","1349.12","1377.02","4"
"1737","10","23","1349.12","1377.02","4"
"1738","22","10","1349.14","1366.02","1"
"1739","22","9","1349.14","1377.02","4"
"1740","22","9","1349.29","1388.02","3"
"1741","22","9","1349.35","1377.02","3"
"1742","10","23","1350.21","1377.02","2"
"1743","22","16","1350.26","1366.02","1"
"1744","22","16","1353.32","1366.02","1"
"1745","22","16","1353.32","1366.02","1"
"1746","12","16","1353.34","1366.02","1"
"1747","12","23","1353.37","1377.02","3"
"1748","12","10","1353.37","1366.02","1"
"1749","12","9","1353.39","1377.02","3"
"1750","12","9","1353.39","1377.02","3"
"1751","12","9","1353.39","1377.02","2"
"1752","30","10","1353.39","1366.02","1"
"1753","12","9","1353.39","1377.02","2"
"1754","30","9","1353.4","1366.02","0"
"1755","30","9","1353.4","1377.02","2"
"1756","30","9","1353.4","1377.02","2"
"1757","30","9","1353.4","1377.02","2"
"1758","12","2","1353.46","1366.02","1"
"1759","15","8","1354.61","1366.02","1"
"1760","30","18","1354.62","1366.02","1"
"1761","15","1","1354.62","1366.02","1"
"1762","15","1","1354.67","1366.02","1"
"1763","15","10","1355.41","1366.02","1"
"1764","16","10","1355.88","1366.02","1"
"1765","30","7","1357.54","1377.02","1"
"1766","4","23","1358.02","1597.02","36"
"1767","4","23","1358.02","1377.02","2"
"1768","4","23","1358.02","1839.02","45"
"1769","30","17","1358.02","1432.02","1"
"1770","4","17","1358.02","1498.02","1"
"1771","4","17","1358.02","1905.02","9"
"1772","2","1","1358.02","1696.02","59"
"1773","15","8","1358.02","1476.02","11"
"1774","10","9","1358.02","1597.02","35"
"1775","16","9","1358.02","1531.02","30"
"1776","16","9","1358.02","1575.02","25"
"1777","16","9","1358.02","1531.02","22"
"1778","16","9","1358.02","1531.02","24"
"1779","19","9","1358.02","1465.02","7"
"1780","19","10","1358.02","1454.02","7"
"1781","9","23","1358.14","1377.02","1"
"1782","9","23","1358.16","1377.02","1"
"1783","4","11","1369.02","1443.02","2"
"1784","5","16","1369.02","1487.02","10"
"1785","5","23","1380.02","1399.02","2"
"1786","4","3","1380.02","1487.02","6"
"1787","5","17","1380.02","1553.02","2"
"1788","5","7","1381.19","1399.02","1"
"1789","5","18","1381.74","1399.02","1"
"1790","3","20","1396.58","1410.02","1"
"1791","2","1","1396.93","1564.02","16"
"1792","1","16","1402.02","1487.02","13"
"1793","4","9","1407.62","1498.02","15"
"1794","2","18","1409.14","1421.02","1"
"1795","4","22","1409.19","1454.02","5"
"1796","16","9","1409.84","1421.02","0"
"1797","4","2","1411.34","1432.02","0"
"1798","3","23","1413.02","1850.02","52"
"1799","3","23","1413.02","1850.02","32"
"1800","3","23","1413.02","1828.02","41"
"1801","3","23","1413.02","1828.02","41"
"1802","16","23","1413.02","1542.02","9"
"1803","16","23","1413.02","1542.02","6"
"1804","16","23","1413.02","1553.02","8"
"1805","19","1","1413.02","1454.02","2"
"1806","19","1","1413.02","1443.02","1"
"1807","5","10","1413.02","1817.02","75"
"1808","5","10","1414.06","1828.02","55"
"1809","10","10","1414.09","1454.02","2"
"1810","10","10","1414.09","1454.02","8"
"1811","10","10","1414.88","1454.02","2"
"1812","15","21","1414.93","1432.02","1"
"1813","5","9","1414.98","1817.02","107"
"1814","15","10","1415.8","1454.02","3"
"1815","15","10","1415.8","1487.02","6"
"1816","30","10","1415.85","1487.02","8"
"1817","15","9","1415.85","1443.02","3"
"1818","30","9","1415.89","1498.02","9"
"1819","30","9","1415.91","1498.02","8"
"1820","30","9","1416.32","1498.02","11"
"1821","30","9","1416.32","1454.02","7"
"1822","9","10","1416.45","1586.02","22"
"1823","9","9","1416.46","1498.02","21"
"1824","9","9","1416.47","1498.02","20"
"1825","9","9","1416.48","1498.02","13"
"1826","9","10","1416.48","1454.02","4"
"1827","7","9","1416.49","1454.02","4"
"1828","7","22","1416.49","1432.02","1"
"1829","7","9","1416.49","1630.02","55"
"1830","7","9","1416.52","1454.02","6"
"1831","7","9","1416.52","1443.02","2"
"1832","22","10","1416.62","1454.02","4"
"1833","7","9","1416.65","1454.02","4"
"1834","22","9","1416.66","1443.02","7"
"1835","22","10","1416.66","1432.02","1"
"1836","22","9","1416.66","1443.02","7"
"1837","22","9","1416.66","1454.02","4"
"1838","12","9","1416.8","1553.02","30"
"1839","12","9","1416.8","1531.02","26"
"1840","12","9","1416.8","1531.02","22"
"1841","12","9","1416.8","1553.02","38"
"1842","16","23","1416.83","1542.02","6"
"1843","12","9","1416.83","1531.02","27"
"1844","12","9","1416.83","1531.02","18"
"1845","6","9","1416.83","1674.02","71"
"1846","16","17","1416.84","1553.02","2"
"1847","6","10","1416.84","1608.02","28"
"1848","6","9","1416.84","1674.02","81"
"1849","6","9","1416.85","1674.02","74"
"1850","10","23","1420.5","1696.02","22"
"1851","10","23","1420.77","1531.02","8"
"1852","6","9","1420.77","1674.02","55"
"1853","30","23","1420.79","1498.02","6"
"1854","17","13","1421.5","1432.02","1"
"1855","17","19","1421.86","1465.02","3"
"1856","30","23","1422.25","1487.02","7"
"1857","6","7","1422.42","1443.02","1"
"1858","6","23","1422.44","1553.02","17"
"1859","17","10","1423.79","1487.02","3"
"1860","17","10","1423.85","1454.02","2"
"1861","20","13","1424.02","1465.02","1"
"1862","22","17","1424.02","1498.02","6"
"1863","2","17","1424.02","1927.02","13"
"1864","2","17","1424.02","1718.02","17"
"1865","15","17","1424.02","1586.02","4"
"1866","9","17","1424.02","1454.02","3"
"1867","20","19","1424.02","1520.02","3"
"1868","20","19","1424.02","1553.02","1"
"1869","7","2","1424.02","1465.02","1"
"1870","20","10","1424.02","1454.02","2"
"1871","8","10","1424.14","1465.02","3"
"1872","8","10","1424.63","1465.02","3"
"1873","8","10","1424.66","1454.02","2"
"1874","19","4","1426.08","1443.02","1"
"1875","8","5","1427.6","1443.02","1"
"1876","17","23","1428.09","1498.02","9"
"1877","16","9","1428.1","1575.02","27"
"1878","20","23","1428.1","1520.02","5"
"1879","32","9","1428.1","1443.02","2"
"1880","32","9","1428.13","1443.02","1"
"1881","32","9","1428.13","1443.02","1"
"1882","32","9","1429.77","1443.02","1"
"1883","32","9","1429.88","1443.02","1"
"1884","32","9","1429.88","1443.02","1"
"1885","26","9","1429.9","1443.02","0"
"1886","26","9","1429.9","1454.02","4"
"1887","26","9","1429.92","1454.02","4"
"1888","26","9","1429.92","1454.02","4"
"1889","26","9","1430.03","1454.02","4"
"1890","26","9","1430.04","1454.02","4"
"1891","21","9","1430.25","1443.02","1"
"1892","21","9","1430.3","1443.02","1"
"1893","21","9","1430.3","1443.02","1"
"1894","21","9","1430.31","1443.02","0"
"1895","21","8","1430.58","1454.02","2"
"1896","4","3","1435.02","1487.02","2"
"1897","15","8","1435.02","1520.02","1"
"1898","21","8","1435.02","1509.02","1"
"1899","17","23","1437.8","1509.02","5"
"1900","17","23","1438.16","1454.02","0"
"1901","17","23","1438.16","1454.02","0"
"1902","17","23","1438.36","1498.02","5"
"1903","17","23","1438.48","1454.02","0"
"1904","17","23","1438.5","1498.02","2"
"1905","17","14","1438.99","1454.02","1"
"1906","8","23","1439.66","1487.02","6"
"1907","4","23","1440.57","1498.02","2"
"1908","15","23","1440.89","1498.02","7"
"1909","7","22","1443","1454.02","1"
"1910","4","2","1446.02","1487.02","2"
"1911","15","23","1446.41","1487.02","3"
"1912","6","11","1448.95","1487.02","5"
"1913","15","23","1451.79","1465.02","0"
"1914","15","23","1451.9","1465.02","1"
"1915","15","23","1451.95","1465.02","1"
"1916","4","7","1456.88","1476.02","2"
"1917","4","18","1456.93","1476.02","2"
"1918","3","17","1457.02","1861.02","16"
"1919","6","17","1457.02","1740.02","9"
"1920","4","16","1459.2","1487.02","4"
"1921","30","21","1460.26","1487.02","2"
"1922","20","4","1462.6","1487.02","2"
"1923","9","22","1462.64","1542.02","6"
"1924","15","22","1465.99","1476.02","0"
"1925","4","11","1466.44","1487.02","2"
"1926","9","11","1467.35","1487.02","1"
"1927","15","10","1467.46","1487.02","1"
"1928","2","9","1467.52","1696.02","87"
"1929","20","9","1467.53","1531.02","4"
"1930","20","9","1467.59","1498.02","2"
"1931","17","9","1467.59","1487.02","1"
"1932","17","10","1467.6","1487.02","2"
"1933","17","9","1467.61","1498.02","2"
"1934","7","9","1467.61","1630.02","37"
"1935","7","10","1467.62","1608.02","22"
"1936","7","9","1467.68","1630.02","30"
"1937","7","9","1467.68","1597.02","25"
"1938","10","10","1467.68","1608.02","22"
"1939","21","9","1467.71","1498.02","2"
"1940","21","9","1467.75","1498.02","2"
"1941","21","9","1467.75","1498.02","2"
"1942","21","9","1467.78","1498.02","2"
"1943","21","9","1467.78","1498.02","2"
"1944","8","9","1467.82","1487.02","1"
"1945","8","9","1467.82","1487.02","1"
"1946","8","9","1467.83","1487.02","1"
"1947","8","9","1467.84","1487.02","1"
"1948","8","9","1467.84","1487.02","1"
"1949","22","9","1467.85","1487.02","1"
"1950","20","23","1467.86","1487.02","0"
"1951","22","9","1467.86","1498.02","2"
"1952","10","10","1467.86","1597.02","14"
"1953","21","11","1467.86","1487.02","1"
"1954","22","9","1467.9","1498.02","2"
"1955","22","9","1467.91","1487.02","1"
"1956","2","23","1467.92","1707.02","39"
"1957","22","9","1467.93","1487.02","1"
"1958","10","10","1467.93","1487.02","1"
"1959","2","23","1467.93","1707.02","25"
"1960","19","9","1467.94","1498.02","4"
"1961","9","20","1467.94","1487.02","1"
"1962","7","23","1468.02","1553.02","9"
"1963","7","23","1468.02","1597.02","8"
"1964","22","23","1468.02","1509.02","1"
"1965","10","16","1468.02","1487.02","1"
"1966","7","16","1468.02","1487.02","1"
"1967","22","3","1468.02","1509.02","2"
"1968","22","3","1468.02","1531.02","1"
"1969","19","23","1468.04","1487.02","1"
"1970","19","9","1468.04","1498.02","4"
"1971","19","9","1468.04","1498.02","2"
"1972","19","9","1468.06","1498.02","2"
"1973","19","9","1468.07","1498.02","2"
"1974","26","9","1468.07","1487.02","1"
"1975","26","10","1468.07","1487.02","2"
"1976","26","10","1468.08","1487.02","1"
"1977","19","23","1468.09","1487.02","1"
"1978","26","10","1468.1","1487.02","1"
"1979","32","10","1468.14","1487.02","1"
"1980","19","23","1468.24","1487.02","1"
"1981","17","11","1468.36","1487.02","1"
"1982","32","9","1468.36","1487.02","1"
"1983","32","9","1468.37","1487.02","1"
"1984","32","10","1468.44","1487.02","1"
"1985","32","9","1468.45","1487.02","1"
"1986","28","9","1468.45","1487.02","1"
"1987","28","10","1468.52","1487.02","1"
"1988","19","11","1468.52","1487.02","1"
"1989","28","10","1468.54","1487.02","1"
"1990","28","10","1468.54","1487.02","1"
"1991","26","23","1468.56","1487.02","1"
"1992","32","17","1468.62","1487.02","0"
"1993","11","10","1468.64","1586.02","13"
"1994","11","10","1468.64","1487.02","3"
"1995","11","9","1468.69","1553.02","16"
"1996","11","9","1468.74","1498.02","3"
"1997","11","9","1468.74","1498.02","12"
"1998","33","9","1468.82","1487.02","1"
"1999","33","10","1468.82","1487.02","1"
"2000","33","9","1468.84","1487.02","1"
"2001","19","17","1468.84","1487.02","0"
"2002","33","9","1468.85","1487.02","1"
"2003","33","9","1468.85","1487.02","1"
"2004","31","9","1468.85","1487.02","1"
"2005","31","9","1468.89","1487.02","1"
"2006","31","9","1468.9","1487.02","1"
"2007","26","23","1469.09","1487.02","0"
"2008","31","9","1469.36","1487.02","1"
"2009","31","1","1469.4","1487.02","1"
"2010","25","9","1469.4","1487.02","1"
"2011","25","9","1469.4","1487.02","1"
"2012","25","10","1469.43","1487.02","1"
"2013","25","9","1469.43","1487.02","1"
"2014","25","9","1469.57","1487.02","1"
"2015","13","9","1469.6","1487.02","1"
"2016","13","9","1469.6","1487.02","1"
"2017","13","9","1469.62","1487.02","1"
"2018","13","9","1469.62","1487.02","1"
"2019","13","10","1469.69","1487.02","1"
"2020","18","9","1469.7","1487.02","1"
"2021","18","10","1469.79","1487.02","1"
"2022","18","10","1469.94","1487.02","1"
"2023","18","10","1469.97","1487.02","1"
"2024","27","9","1470.11","1487.02","1"
"2025","27","10","1470.14","1487.02","1"
"2026","27","9","1470.17","1487.02","1"
"2027","27","10","1470.67","1487.02","1"
"2028","23","10","1470.73","1487.02","1"
"2029","23","10","1470.73","1487.02","1"
"2030","23","1","1471.75","1520.02","4"
"2031","23","13","1474.38","1487.02","1"
"2032","29","1","1474.98","1487.02","1"
"2033","29","1","1475.16","1487.02","1"
"2034","11","14","1476.21","1487.02","1"
"2035","27","22","1479.02","1498.02","1"
"2036","26","14","1479.02","1564.02","1"
"2037","26","17","1479.02","1641.02","3"
"2038","23","17","1479.02","1861.02","3"
"2039","21","23","1490.02","1553.02","2"
"2040","6","2","1490.45","1509.02","1"
"2041","9","11","1491.49","1509.02","2"
"2042","7","16","1496.05","1564.02","11"
"2043","9","18","1496.47","1509.02","1"
"2044","10","10","1499.56","1586.02","10"
"2045","11","21","1499.74","1520.02","1"
"2046","11","9","1500.34","1520.02","1"
"2047","11","9","1500.34","1564.02","9"
"2048","9","9","1500.4","1586.02","14"
"2049","9","9","1500.4","1575.02","11"
"2050","9","9","1500.49","1575.02","10"
"2051","23","9","1500.58","1531.02","3"
"2052","23","9","1500.8","1520.02","1"
"2053","20","1","1500.8","1520.02","1"
"2054","23","9","1500.8","1575.02","10"
"2055","23","9","1500.88","1531.02","2"
"2056","21","22","1501.02","1564.02","4"
"2057","9","23","1501.02","1553.02","2"
"2058","11","23","1501.02","1553.02","3"
"2059","1","17","1501.02","1872.02","7"
"2060","5","17","1501.02","1905.02","15"
"2061","10","17","1501.02","1652.02","1"
"2062","21","1","1501.02","1564.02","1"
"2063","21","9","1501.73","1520.02","1"
"2064","21","9","1501.79","1520.02","1"
"2065","15","9","1501.83","1531.02","3"
"2066","15","9","1501.83","1531.02","3"
"2067","11","16","1502.22","1520.02","1"
"2068","23","17","1502.37","1520.02","0"
"2069","15","1","1502.38","1520.02","1"
"2070","15","1","1502.51","1520.02","1"
"2071","4","9","1502.59","1828.02","106"
"2072","4","9","1502.64","1817.02","80"
"2073","4","9","1502.64","1828.02","95"
"2074","4","9","1502.66","1740.02","51"
"2075","4","9","1502.68","1674.02","41"
"2076","22","9","1502.68","1520.02","1"
"2077","22","1","1502.72","1520.02","1"
"2078","22","9","1502.79","1520.02","1"
"2079","22","9","1503.02","1520.02","1"
"2080","26","9","1503.03","1520.02","1"
"2081","6","17","1512.02","1531.02","4"
"2082","6","17","1512.02","1641.02","1"
"2083","15","17","1512.02","1894.02","5"
"2084","23","11","1512.92","1531.02","1"
"2085","20","11","1513.37","1531.02","1"
"2086","21","10","1515.25","1553.02","4"
"2087","9","3","1518.62","1531.02","1"
"2088","22","22","1520.26","1531.02","1"
"2089","26","22","1520.81","1531.02","1"
"2090","26","22","1520.81","1531.02","1"
"2091","21","4","1522.33","1542.02","1"
"2092","9","16","1523.02","1542.02","2"
"2093","21","8","1523.55","1542.02","1"
"2094","21","16","1524.27","1542.02","1"
"2095","11","10","1527.9","1542.02","2"
"2096","21","7","1528.83","1542.02","1"
"2097","11","8","1530.59","1586.02","5"
"2098","23","10","1532.27","1586.02","6"
"2099","21","17","1534.02","1740.02","3"
"2100","10","17","1534.02","1696.02","3"
"2101","16","19","1535.11","1553.02","1"
"2102","9","11","1535.38","1553.02","2"
"2103","16","18","1537.44","1564.02","2"
"2104","16","9","1539.18","1597.02","5"
"2105","23","9","1539.18","1575.02","2"
"2106","23","9","1539.22","1575.02","6"
"2107","16","22","1545.02","1564.02","1"
"2108","9","22","1545.68","1564.02","1"
"2109","4","17","1556.02","1685.02","3"
"2110","23","10","1556.02","1586.02","3"
"2111","7","11","1558.05","1586.02","2"
"2112","16","13","1561.29","1586.02","2"
"2113","6","11","1564.5","1575.02","1"
"2114","11","10","1565.3","1586.02","1"
"2115","11","21","1565.54","1586.02","1"
"2116","21","10","1565.89","1586.02","1"
"2117","5","16","1566.02","1608.02","4"
"2118","7","16","1566.34","1597.02","2"
"2119","11","11","1567.02","1630.02","6"
"2120","11","11","1567.02","1663.02","1"
"2121","11","23","1567.02","1641.02","3"
"2122","2","1","1567.02","1674.02","16"
"2123","11","17","1567.02","1696.02","1"
"2124","11","17","1567.02","1597.02","1"
"2125","11","16","1567.04","1608.02","2"
"2126","9","1","1567.04","1586.02","1"
"2127","16","3","1567.27","1630.02","3"
"2128","16","21","1567.48","1586.02","1"
"2129","21","1","1568.68","1586.02","1"
"2130","21","22","1572.97","1597.02","2"
"2131","6","23","1577.55","1685.02","9"
"2132","16","22","1578.02","1608.02","1"
"2133","16","16","1578.02","1608.02","1"
"2134","16","16","1578.02","1608.02","1"
"2135","16","23","1578.67","1597.02","1"
"2136","16","2","1584.49","1597.02","1"
"2137","10","3","1589.02","1641.02","3"
"2138","16","19","1591.5","1608.02","1"
"2139","7","1","1600.02","1663.02","1"
"2140","16","1","1600.02","1641.02","1"
"2141","16","19","1600.02","1630.02","1"
"2142","16","7","1606.45","1630.02","2"
"2143","4","2","1608.07","1619.02","0"
"2144","10","23","1609.86","1674.02","2"
"2145","6","9","1610.48","1674.02","16"
"2146","6","23","1610.64","1630.02","0"
"2147","7","9","1611","1630.02","1"
"2148","16","9","1611","1674.02","9"
"2149","16","9","1611.01","1630.02","1"
"2150","10","9","1611.02","1663.02","11"
"2151","6","2","1611.02","1751.02","1"
"2152","10","9","1611.02","1663.02","10"
"2153","10","10","1611.02","1663.02","5"
"2154","10","10","1611.02","1652.02","3"
"2155","11","10","1611.02","1652.02","2"
"2156","11","10","1611.02","1652.02","5"
"2157","11","10","1611.02","1663.02","4"
"2158","21","10","1611.02","1663.02","3"
"2159","21","10","1611.02","1674.02","3"
"2160","21","10","1611.02","1652.02","2"
"2161","21","10","1611.02","1652.02","1"
"2162","23","10","1611.02","1630.02","1"
"2163","23","10","1611.03","1630.02","1"
"2164","23","9","1611.06","1663.02","6"
"2165","23","9","1611.06","1674.02","8"
"2166","15","10","1611.38","1806.02","28"
"2167","11","23","1611.5","1674.02","5"
"2168","15","10","1611.62","1729.02","12"
"2169","4","16","1611.62","1630.02","1"
"2170","15","10","1611.66","1718.02","10"
"2171","15","10","1611.66","1674.02","7"
"2172","11","23","1611.71","1641.02","2"
"2173","11","23","1611.79","1630.02","1"
"2174","23","9","1611.83","1630.02","1"
"2175","26","9","1611.94","1630.02","1"
"2176","26","22","1611.94","1630.02","2"
"2177","26","8","1611.95","1630.02","2"
"2178","26","9","1611.95","1630.02","1"
"2179","11","23","1612.28","1630.02","1"
"2180","26","10","1612.35","1630.02","1"
"2181","9","22","1612.98","1663.02","4"
"2182","9","19","1616.35","1630.02","1"
"2183","9","8","1617.48","1674.02","5"
"2184","9","19","1620.38","1641.02","1"
"2185","4","16","1621.92","1696.02","7"
"2186","6","17","1622.01","1641.02","0"
"2187","16","23","1622.02","1652.02","1"
"2188","16","23","1622.02","1652.02","1"
"2189","15","17","1622.02","1773.02","1"
"2190","16","17","1622.02","1861.02","2"
"2191","5","17","1622.02","1883.02","2"
"2192","7","17","1622.02","1762.02","2"
"2193","9","1","1622.02","1817.02","20"
"2194","9","13","1638.28","1652.02","1"
"2195","16","9","1639.13","1663.02","9"
"2196","16","9","1639.13","1674.02","4"
"2197","16","9","1639.13","1663.02","7"
"2198","23","9","1639.13","1674.02","4"
"2199","23","9","1639.21","1663.02","5"
"2200","23","9","1639.21","1674.02","3"
"2201","7","9","1639.37","1663.02","2"
"2202","7","9","1639.43","1652.02","0"
"2203","7","9","1639.43","1652.02","2"
"2204","7","9","1639.45","1652.02","2"
"2205","26","9","1639.45","1663.02","2"
"2206","26","9","1639.46","1652.02","2"
"2207","26","9","1639.46","1652.02","2"
"2208","26","9","1639.51","1652.02","1"
"2209","26","9","1639.54","1652.02","1"
"2210","12","9","1640.62","1652.02","1"
"2211","6","11","1641.84","1652.02","1"
"2212","12","9","1642.48","1663.02","1"
"2213","16","21","1643.14","1663.02","2"
"2214","23","22","1643.14","1663.02","1"
"2215","26","22","1643.28","1663.02","1"
"2216","6","11","1644.02","1685.02","2"
"2217","16","11","1644.02","1707.02","1"
"2218","21","16","1644.02","1663.02","1"
"2219","10","22","1655.02","1685.02","2"
"2220","6","17","1655.02","1685.02","1"
"2221","6","14","1656.61","1674.02","1"
"2222","16","23","1657.4","1674.02","0"
"2223","16","23","1657.77","1674.02","1"
"2224","10","23","1658.05","1674.02","1"
"2225","21","19","1658.7","1674.02","1"
"2226","21","22","1665.81","1685.02","2"
"2227","21","23","1666.02","1839.02","6"
"2228","21","23","1666.02","1696.02","1"
"2229","21","23","1666.02","1817.02","6"
"2230","21","23","1666.02","1729.02","9"
"2231","21","23","1666.02","1751.02","2"
"2232","21","23","1666.02","1795.02","6"
"2233","21","23","1666.02","1795.02","3"
"2234","21","23","1666.02","1795.02","3"
"2235","21","23","1666.02","1795.02","4"
"2236","21","17","1666.02","1828.02","1"
"2237","23","17","1666.02","1718.02","3"
"2238","23","17","1666.02","1718.02","1"
"2239","23","19","1666.02","1696.02","1"
"2240","4","9","1677.77","1696.02","3"
"2241","15","9","1677.77","1817.02","27"
"2242","15","3","1679.13","1696.02","1"
"2243","21","9","1679.29","1696.02","2"
"2244","21","9","1679.29","1696.02","1"
"2245","21","8","1682.69","1696.02","1"
"2246","2","8","1683.45","1696.02","1"
"2247","4","11","1687.99","1729.02","4"
"2248","23","13","1697.03","1718.02","1"
"2249","21","10","1699.02","1718.02","1"
"2250","15","16","1701.16","1817.02","11"
"2251","4","8","1701.18","1718.02","1"
"2252","21","22","1701.2","1729.02","3"
"2253","21","8","1701.86","1718.02","2"
"2254","23","9","1701.96","1784.02","20"
"2255","23","9","1701.96","1784.02","11"
"2256","15","16","1701.96","1751.02","2"
"2257","23","9","1701.96","1784.02","13"
"2258","23","9","1701.99","1784.02","14"
"2259","9","9","1702.02","1718.02","1"
"2260","9","9","1702.05","1718.02","1"
"2261","9","9","1702.05","1718.02","1"
"2262","21","22","1702.16","1718.02","1"
"2263","9","9","1702.19","1718.02","1"
"2264","2","9","1702.24","1718.02","2"
"2265","2","9","1702.24","1718.02","2"
"2266","2","9","1702.25","1718.02","1"
"2267","2","9","1702.25","1740.02","3"
"2268","2","9","1702.29","1718.02","2"
"2269","16","21","1702.46","1740.02","3"
"2270","16","9","1702.46","1718.02","1"
"2271","15","16","1702.53","1718.02","1"
"2272","16","9","1702.53","1718.02","1"
"2273","16","9","1702.53","1718.02","1"
"2274","16","9","1702.56","1718.02","1"
"2275","6","9","1702.56","1718.02","1"
"2276","6","10","1702.59","1718.02","1"
"2277","6","1","1702.69","1718.02","1"
"2278","6","9","1702.69","1718.02","1"
"2279","10","9","1702.83","1817.02","34"
"2280","10","9","1702.83","1817.02","12"
"2281","10","10","1702.85","1817.02","14"
"2282","10","10","1702.86","1817.02","15"
"2283","10","9","1702.86","1817.02","38"
"2284","7","9","1702.92","1718.02","1"
"2285","23","16","1703.12","1718.02","1"
"2286","7","9","1703.17","1718.02","1"
"2287","7","9","1703.29","1718.02","1"
"2288","7","9","1703.29","1718.02","1"
"2289","7","9","1704.64","1718.02","1"
"2290","11","9","1704.64","1718.02","1"
"2291","11","9","1704.64","1718.02","1"
"2292","2","18","1706.99","1718.02","1"
"2293","4","3","1712.79","1729.02","1"
"2294","11","19","1714.96","1762.02","4"
"2295","11","19","1718.13","1729.02","1"
"2296","2","7","1719.33","1740.02","1"
"2297","4","16","1720.92","1740.02","1"
"2298","4","16","1721.02","1806.02","7"
"2299","4","17","1721.02","1740.02","2"
"2300","4","17","1721.02","1740.02","1"
"2301","15","1","1721.02","1817.02","12"
"2302","23","21","1721.02","1784.02","1"
"2303","21","8","1723.59","1817.02","10"
"2304","15","19","1732.02","1762.02","1"
"2305","23","3","1734.71","1751.02","1"
"2306","23","11","1736.48","1751.02","1"
"2307","21","10","1737.3","1806.02","7"
"2308","21","10","1737.34","1806.02","7"
"2309","9","10","1737.34","1751.02","1"
"2310","9","10","1740.6","1751.02","0"
"2311","15","17","1743.02","1762.02","2"
"2312","23","17","1743.02","1927.02","7"
"2313","21","17","1743.02","1894.02","3"
"2314","9","19","1743.02","1817.02","1"
"2315","4","19","1743.02","1806.02","3"
"2316","11","10","1743.02","1806.02","8"
"2317","4","22","1743.22","1817.02","12"
"2318","11","9","1743.59","1828.02","19"
"2319","11","9","1743.81","1817.02","18"
"2320","11","9","1743.87","1828.02","18"
"2321","6","9","1743.87","1817.02","18"
"2322","6","10","1743.87","1817.02","7"
"2323","6","9","1743.87","1817.02","18"
"2324","6","9","1745.18","1828.02","18"
"2325","6","9","1745.21","1817.02","13"
"2326","2","9","1745.21","1817.02","13"
"2327","2","9","1745.22","1817.02","15"
"2328","2","9","1745.22","1817.02","11"
"2329","2","9","1745.29","1817.02","16"
"2330","2","13","1748.65","1762.02","1"
"2331","6","7","1750.17","1762.02","1"
"2332","2","7","1751.86","1773.02","2"
"2333","16","22","1752.28","1795.02","3"
"2334","9","9","1758.45","1817.02","12"
"2335","9","9","1758.45","1828.02","22"
"2336","9","9","1758.46","1817.02","9"
"2337","16","9","1758.46","1806.02","9"
"2338","16","9","1758.52","1817.02","10"
"2339","16","9","1758.66","1806.02","11"
"2340","2","16","1758.94","1773.02","0"
"2341","16","1","1760.02","1817.02","9"
"2342","7","8","1760.46","1773.02","1"
"2343","7","10","1761.61","1817.02","8"
"2344","7","10","1761.67","1806.02","4"
"2345","7","10","1761.86","1817.02","7"
"2346","26","10","1761.87","1806.02","5"
"2347","26","10","1761.93","1784.02","2"
"2348","26","8","1762.35","1773.02","1"
"2349","11","16","1762.79","1773.02","1"
"2350","26","10","1762.79","1784.02","2"
"2351","6","11","1763.21","1817.02","6"
"2352","12","10","1763.34","1817.02","4"
"2353","15","18","1763.42","1784.02","1"
"2354","12","10","1763.74","1784.02","1"
"2355","23","23","1763.86","1817.02","10"
"2356","12","10","1763.86","1806.02","4"
"2357","23","23","1763.88","1828.02","7"
"2358","9","14","1764.16","1784.02","1"
"2359","11","10","1764.32","1817.02","4"
"2360","21","23","1765.02","1828.02","9"
"2361","2","1","1765.02","1817.02","8"
"2362","6","3","1765.05","1784.02","2"
"2363","21","3","1765.74","1784.02","1"
"2364","15","9","1771.2","1784.02","0"
"2365","12","9","1771.25","1817.02","4"
"2366","20","9","1771.26","1784.02","0"
"2367","20","9","1771.3","1806.02","3"
"2368","20","9","1771.3","1806.02","7"
"2369","20","9","1771.32","1806.02","7"
"2370","20","9","1771.32","1806.02","4"
"2371","20","9","1771.86","1817.02","4"
"2372","22","9","1771.87","1817.02","4"
"2373","22","9","1772.04","1784.02","1"
"2374","22","9","1772.04","1784.02","1"
"2375","22","9","1772.06","1784.02","1"
"2376","22","9","1772.06","1784.02","1"
"2377","22","9","1772.08","1784.02","1"
"2378","17","9","1772.17","1817.02","10"
"2379","17","9","1772.17","1828.02","8"
"2380","17","1","1772.34","1784.02","1"
"2381","15","11","1772.82","1795.02","2"
"2382","17","1","1773.26","1806.02","3"
"2383","17","9","1773.29","1817.02","4"
"2384","19","9","1773.32","1817.02","4"
"2385","19","9","1773.35","1817.02","7"
"2386","15","23","1773.42","1850.02","11"
"2387","19","9","1773.42","1817.02","7"
"2388","19","9","1773.74","1817.02","14"
"2389","19","9","1773.74","1784.02","0"
"2390","19","9","1773.8","1806.02","10"
"2391","30","9","1773.8","1784.02","1"
"2392","30","9","1773.8","1784.02","1"
"2393","30","9","1773.81","1784.02","1"
"2394","30","9","1773.88","1784.02","1"
"2395","30","9","1773.91","1784.02","1"
"2396","27","10","1774.08","1817.02","3"
"2397","30","9","1774.22","1806.02","4"
"2398","27","1","1774.87","1795.02","1"
"2399","21","2","1775.34","1795.02","1"
"2400","7","22","1775.45","1806.02","2"
"2401","15","23","1776.02","1817.02","7"
"2402","2","23","1776.02","1817.02","5"
"2403","2","23","1776.02","1850.02","8"
"2404","16","23","1776.02","1806.02","1"
"2405","23","16","1776.02","1806.02","3"
"2406","11","16","1776.02","1806.02","1"
"2407","16","23","1777.49","1795.02","0"
"2408","17","17","1781.49","1795.02","0"
"2409","7","22","1781.78","1795.02","1"
"2410","16","17","1782.27","1905.02","4"
"2411","12","17","1783.3","1817.02","5"
"2412","12","17","1783.3","1905.02","4"
"2413","12","17","1783.31","1905.02","2"
"2414","12","17","1783.46","1806.02","2"
"2415","17","13","1786.6","1806.02","1"
"2416","6","23","1787.02","1828.02","4"
"2417","20","23","1787.02","0","0"
"2418","20","23","1787.02","0","0"
"2419","21","3","1787.23","1817.02","2"
"2420","19","9","1788.78","1828.02","3"
"2421","22","9","1788.78","1817.02","3"
"2422","22","9","1788.8","1806.02","1"
"2423","22","9","1788.8","1817.02","3"
"2424","22","9","1788.81","1828.02","3"
"2425","15","21","1788.81","1806.02","1"
"2426","20","3","1788.82","1817.02","2"
"2427","22","9","1788.9","1806.02","1"
"2428","27","9","1788.9","1806.02","1"
"2429","27","9","1789.44","1806.02","1"
"2430","30","9","1789.48","1806.02","1"
"2431","30","9","1789.54","1806.02","1"
"2432","30","9","1789.54","1806.02","1"
"2433","27","21","1790.29","1806.02","1"
"2434","30","9","1790.44","1806.02","1"
"2435","30","9","1790.44","1806.02","1"
"2436","12","9","1790.47","1806.02","1"
"2437","26","9","1790.49","1806.02","1"
"2438","26","9","1790.49","1806.02","1"
"2439","26","9","1790.61","1806.02","1"
"2440","26","9","1790.61","1806.02","1"
"2441","23","9","1790.62","1806.02","1"
"2442","23","9","1790.66","1806.02","1"
"2443","23","9","1790.66","1806.02","1"
"2444","23","9","1790.67","1806.02","1"
"2445","23","9","1790.67","1806.02","1"
"2446","32","9","1790.7","1806.02","1"
"2447","26","20","1791.33","1806.02","1"
"2448","16","23","1798.02","0","0"
"2449","6","17","1798.02","1817.02","1"
"2450","9","17","1798.02","0","0"
"2451","21","8","1798.02","0","0"
"2452","19","23","1809.02","0","0"
"2453","19","23","1809.02","0","0"
"2454","19","23","1809.02","0","0"
"2455","19","23","1809.02","0","0"
"2456","11","23","1809.02","0","0"
"2457","19","17","1809.02","0","0"
"2458","3","17","1820.02","0","0"
"2459","21","17","1831.02","0","0"
